userid,code_copy,code_execution,code_paste,code_speed,notebook_open,tree_open,AttributeError,IndentationError,IndexError,KeyError,KeyboardInterrupt,ModuleNotFoundError,NameError,RecursionError,SyntaxError,TypeError,UnboundLocalError,ValueError,ZeroDivisionError,codeLength,Viscode-login_times,Viscode-execute_times,Viscode-open_file_times,Viscode-success_run,Viscode-failed_run,Viscode-error_types,Viscode-spent_time
01ea38c4c3cc5fba869732fc641ca884,176,582,264,1521,73,35,7.0,4.0,7.0,0.0,8.0,0.0,11.0,0.0,48.0,20.0,0.0,5.0,0.0,3543.0,108,1130,73.0,1020,110.0,8.0,0 days 00:50:32.025803
023c88ec58c8cf0abcfbcea4166793ad,89,588,137,1563,79,44,8.0,9.0,0.0,0.0,0.0,0.0,15.0,0.0,70.0,23.0,1.0,0.0,0.0,3472.0,123,937,79.0,811,126.0,6.0,0 days 00:54:26.187369
0f13d7b14350b9c24f5c0bfe4956c785,84,196,125,1162,78,29,0.0,4.0,0.0,0.0,0.0,0.0,1.0,0.0,19.0,16.0,0.0,0.0,0.0,2427.0,107,512,78.0,472,40.0,4.0,0 days 00:19:58.068974
1118b08984a9b7a37eb23b5c73526435,26,235,39,1104,31,26,9.0,1.0,0.0,0.0,0.0,0.0,6.0,0.0,50.0,4.0,0.0,1.0,0.0,4365.0,57,357,31.0,286,71.0,6.0,0 days 00:21:24.674944
242e09e4d36eb66ae0c4052776d60007,35,402,43,1928,118,47,1.0,4.0,0.0,0.0,0.0,0.0,2.0,0.0,17.0,5.0,0.0,1.0,0.0,3152.0,165,645,118.0,615,30.0,6.0,0 days 00:24:51.229995
2c3ddf635d4e6b935ca721f75d554c3a,63,571,77,1625,46,41,3.0,17.0,0.0,0.0,4.0,0.0,15.0,0.0,54.0,10.0,0.0,1.0,0.0,2081.0,87,798,46.0,694,104.0,7.0,0 days 00:57:41.812783
2f1874689ae0435900a2d6ec49c40ee8,107,570,144,2945,115,52,6.0,7.0,3.0,0.0,0.0,0.0,17.0,0.0,38.0,12.0,0.0,5.0,0.0,3639.0,167,988,115.0,900,88.0,7.0,0 days 00:58:37.371663
3017f8db51adce97836bfbd2a5e76bc4,10,35,16,75,6,8,0.0,0.0,0.0,0.0,0.0,0.0,0.0,0.0,5.0,1.0,0.0,0.0,0.0,320.0,14,75,6.0,69,6.0,2.0,0 days 00:05:36.167362
3506a385cc8998c5e90fe1fbd922764b,143,827,124,2183,75,63,12.0,19.0,1.0,0.0,0.0,0.0,32.0,0.0,113.0,29.0,0.0,4.0,0.0,11326.0,138,1232,75.0,1022,210.0,7.0,0 days 01:34:53.731161
3d3f111deae5ea10f58b056cfbe83a70,74,643,113,1437,54,33,5.0,2.0,2.0,0.0,3.0,0.0,36.0,0.0,40.0,15.0,0.0,4.0,0.0,3172.0,87,917,54.0,807,110.0,9.0,0 days 01:05:44.009639
40d8fee83265845908ddfdb3727e77e9,100,694,139,2883,57,37,1.0,11.0,0.0,0.0,0.0,0.0,14.0,0.0,62.0,6.0,0.0,0.0,0.0,6015.0,94,1027,57.0,933,94.0,5.0,0 days 01:00:52.299777
4dce2d4a147662accd08bbf9224f14c6,23,104,24,510,16,12,0.0,5.0,0.0,0.0,0.0,0.0,0.0,0.0,28.0,0.0,0.0,0.0,0.0,1689.0,28,179,16.0,146,33.0,2.0,0 days 00:09:44.395164
52a83b516a01c8cefdb16bd3acb4b844,312,630,349,2818,153,75,4.0,17.0,0.0,0.0,10.0,0.0,20.0,0.0,94.0,10.0,0.0,8.0,0.0,7768.0,228,1519,153.0,1356,163.0,7.0,0 days 00:49:53.799586
54567468563c6a69b904009f853118fb,35,209,33,808,52,15,0.0,5.0,0.0,0.0,0.0,0.0,3.0,0.0,42.0,10.0,0.0,0.0,0.0,498.0,67,344,52.0,284,60.0,4.0,0 days 00:22:38.963539
5f6d15d3fdc986f44ca3e93d0d0c066a,108,472,156,1406,74,51,0.0,5.0,0.0,0.0,0.0,0.0,4.0,0.0,57.0,4.0,0.0,0.0,0.0,5961.0,125,861,74.0,791,70.0,4.0,0 days 00:41:59.677965
6039e1c5394885e065c56940f73987ce,186,928,314,3039,108,62,21.0,15.0,1.0,0.0,0.0,0.0,10.0,0.0,74.0,19.0,0.0,0.0,1.0,6708.0,170,1598,108.0,1457,141.0,7.0,0 days 01:29:13.656975
60e45a58a85fddf31eee37465723a957,192,532,266,1508,51,28,4.0,4.0,5.0,0.0,0.0,0.0,17.0,0.0,29.0,23.0,0.0,2.0,0.0,3855.0,79,1069,51.0,985,84.0,7.0,0 days 00:51:29.438810
64b6bfdb58f2667305021a81bd71f220,16,174,30,1001,44,17,1.0,4.0,0.0,0.0,0.0,0.0,12.0,0.0,27.0,2.0,0.0,0.0,0.0,3043.0,61,281,44.0,235,46.0,5.0,0 days 00:19:08.850927
69ab0b3229285f7191e9c7e13f896a81,110,486,184,2168,62,28,1.0,11.0,5.0,0.0,0.0,0.0,12.0,0.0,43.0,22.0,0.0,6.0,0.0,3684.0,90,870,62.0,770,100.0,7.0,0 days 00:42:56.464732
72bed5b8d9a6993f2d1b0caddb8055f2,54,389,68,1817,60,35,2.0,6.0,3.0,0.0,1.0,0.0,26.0,0.0,26.0,24.0,0.0,0.0,0.0,4388.0,95,606,60.0,518,88.0,7.0,0 days 00:33:21.922109
73da5d9b254e7e5b90961432647e1561,215,318,297,1512,62,36,5.0,4.0,0.0,0.0,0.0,0.0,12.0,0.0,60.0,13.0,0.0,0.0,0.0,5993.0,98,928,62.0,834,94.0,5.0,0 days 00:35:25.288778
74d8a2d8ed9ca42dcc6a2c269a0a21ea,109,486,152,2649,94,43,6.0,5.0,0.0,0.0,0.0,0.0,10.0,0.0,70.0,8.0,0.0,2.0,0.0,7149.0,137,884,94.0,783,101.0,6.0,0 days 00:37:05.797960
77dd680c55530a07cb7b0696259cd51f,167,388,202,2312,135,46,4.0,5.0,0.0,0.0,4.0,0.0,7.0,0.0,63.0,21.0,0.0,1.0,0.0,5144.0,181,938,135.0,833,105.0,7.0,0 days 00:34:25.670899
78b22ff50ade417eeb3eee39115e9b46,89,377,130,1450,53,23,4.0,7.0,4.0,0.0,0.0,0.0,10.0,0.0,30.0,11.0,0.0,1.0,0.0,5958.0,76,672,53.0,605,67.0,7.0,0 days 00:40:42.978598
7a0a65c5dfe66c7a70d0176ea81f30c0,59,206,120,538,15,10,1.0,8.0,7.0,0.0,0.0,0.0,2.0,0.0,38.0,21.0,0.0,0.0,0.0,5158.0,25,410,15.0,333,77.0,6.0,0 days 00:17:10.144660
807ec0d2baa628eacc38a7f698879775,45,465,71,1495,49,27,6.0,4.0,12.0,0.0,10.0,1.0,9.0,0.0,23.0,10.0,0.0,1.0,0.0,3634.0,76,657,49.0,569,88.0,10.0,0 days 00:44:23.658655
808e58ca61a8888af739c0321924a199,165,673,240,2393,98,65,0.0,9.0,8.0,0.0,0.0,0.0,13.0,0.0,105.0,18.0,1.0,0.0,0.0,3688.0,163,1241,98.0,1087,154.0,6.0,0 days 01:11:48.466788
81a09ba1f6c0aae36404048a404e7e63,263,1926,287,4464,304,135,6.0,23.0,0.0,25.0,0.0,6.0,36.0,0.0,38.0,19.0,0.0,2.0,0.0,7127.0,439,2915,304.0,2752,163.0,10.0,0 days 02:11:23.717646
821e2bffdf3941871cb2d053a28689c1,96,351,135,1292,41,29,0.0,10.0,0.0,0.0,0.0,0.0,5.0,8.0,66.0,3.0,0.0,1.0,0.0,11326.0,70,652,41.0,559,93.0,6.0,0 days 00:27:34.458656
822f678c2e95794c527b1f854bd35006,246,771,97,3007,136,43,3.0,8.0,5.0,0.0,0.0,0.0,16.0,0.0,68.0,27.0,1.0,8.0,0.0,4404.0,179,1293,136.0,1157,136.0,8.0,0 days 01:13:01.924739
8274ed10e9613de0c47b02d77ee258da,77,231,55,911,48,30,2.0,15.0,0.0,0.0,0.0,0.0,11.0,1.0,40.0,4.0,0.0,0.0,0.0,6033.0,78,441,48.0,368,73.0,6.0,0 days 00:20:57.217942
9b5055da3d2944aa90334bddd9ab1217,229,879,364,4689,237,60,1.0,26.0,0.0,0.0,0.0,0.0,13.0,0.0,89.0,10.0,0.0,0.0,0.0,6636.0,297,1769,237.0,1630,139.0,5.0,0 days 01:07:10.008040
9f2b49c9d6b2dbb706a5be4935230871,48,441,88,1800,75,36,0.0,16.0,0.0,0.0,0.0,0.0,4.0,0.0,58.0,9.0,0.0,0.0,0.0,5979.0,111,688,75.0,601,87.0,4.0,0 days 00:35:55.475874
a1d0f3e60cbe687bbaf2df93770a5994,37,218,43,2870,101,52,3.0,2.0,0.0,0.0,0.0,0.0,10.0,0.0,36.0,3.0,4.0,1.0,0.0,5242.0,153,451,101.0,392,59.0,7.0,0 days 00:13:26.120923
a4be0a910ea9c611e2c07644d4fe2596,92,419,104,1087,68,29,0.0,30.0,0.0,0.0,1.0,0.0,8.0,0.0,122.0,7.0,0.0,1.0,0.0,6274.0,97,712,68.0,543,169.0,6.0,0 days 00:35:43.597730
a6357b50be546b403a8d8a15a9c6f8af,44,450,64,1789,48,27,4.0,6.0,1.0,0.0,0.0,0.0,3.0,0.0,49.0,17.0,4.0,4.0,0.0,6029.0,75,633,48.0,545,88.0,8.0,0 days 00:40:04.264185
a89f1fae9d749935add9fd3edac145f0,74,367,101,1583,74,43,6.0,2.0,1.0,0.0,3.0,0.0,15.0,0.0,22.0,27.0,0.0,5.0,0.0,4874.0,117,659,74.0,578,81.0,8.0,0 days 00:35:16.724513
b6306defb52bfdc571973c695f78325b,51,450,86,2030,86,51,3.0,7.0,3.0,0.0,9.0,0.0,14.0,0.0,30.0,25.0,0.0,1.0,0.0,6246.0,137,724,86.0,632,92.0,8.0,0 days 00:43:30.324949
b7fe9287ba4101d18026c8411798d448,194,352,222,2600,163,39,4.0,5.0,0.0,0.0,0.0,0.0,6.0,0.0,31.0,13.0,0.0,3.0,0.0,11328.0,202,970,163.0,908,62.0,6.0,0 days 00:28:46.613151
becf489e31b5b33c0de6172b5a9b94ec,14,32,19,425,10,7,0.0,0.0,0.0,0.0,0.0,0.0,1.0,0.0,1.0,0.0,0.0,0.0,0.0,5147.0,17,82,10.0,80,2.0,2.0,0 days 00:01:12.201272
c4cd1ce177931bf1f5f6c6fb5e08c591,108,312,137,1219,54,37,5.0,5.0,0.0,0.0,0.0,0.0,5.0,0.0,111.0,5.0,1.0,1.0,0.0,5873.0,91,648,54.0,515,133.0,7.0,0 days 00:28:03.215467
d03d2553f10c514a8c3d6b8439e9a986,95,564,123,1503,89,29,11.0,14.0,0.0,0.0,3.0,0.0,34.0,0.0,97.0,29.0,0.0,6.0,0.0,3168.0,118,900,89.0,706,194.0,7.0,0 days 00:59:43.386035
dfbaebce15b35a5b414bbe2ad13dc7a5,217,461,257,2349,67,35,3.0,7.0,0.0,0.0,2.0,0.0,15.0,0.0,32.0,19.0,0.0,4.0,0.0,6041.0,102,1037,67.0,955,82.0,7.0,0 days 00:42:06.125814
e0aca39cdd20446bbc106b8e517ff342,59,643,92,3178,105,42,4.0,18.0,1.0,0.0,0.0,0.0,7.0,0.0,33.0,14.0,0.0,0.0,0.0,6129.0,147,941,105.0,864,77.0,6.0,0 days 00:55:07.174723
e358ac6dca299ff1ba531f51eaeaea80,73,434,105,1816,34,22,2.0,5.0,10.0,0.0,8.0,0.0,5.0,0.0,29.0,14.0,0.0,8.0,0.0,4470.0,56,668,34.0,581,87.0,9.0,0 days 00:40:07.209835
e817b96f88817cece49f8bc9b5fc9bed,14,218,13,1014,25,17,6.0,10.0,0.0,0.0,0.0,0.0,9.0,0.0,36.0,5.0,0.0,0.0,0.0,2903.0,42,287,25.0,221,66.0,5.0,0 days 00:20:38.218091
eede60bdc57bc0cc180603b8dc372b4b,54,374,82,1786,53,24,2.0,25.0,0.0,0.0,13.0,0.0,12.0,0.0,62.0,5.0,1.0,3.0,0.0,6015.0,77,587,53.0,464,123.0,8.0,0 days 00:38:12.397306
f2c89204b19e07a6f763fedc51191102,256,411,342,2799,142,42,2.0,0.0,0.0,0.0,1.0,0.0,6.0,0.0,14.0,6.0,0.0,2.0,0.0,4899.0,184,1193,142.0,1162,31.0,6.0,0 days 00:29:38.287990
f376eacfbd690b55b061adb278a23cb1,271,577,352,2792,157,73,5.0,20.0,2.0,0.0,0.0,0.0,19.0,0.0,61.0,16.0,2.0,3.0,4.0,5324.0,230,1430,157.0,1298,132.0,9.0,0 days 01:00:28.674839
faceedc2fdf78a0f24b2e469c8072881,46,294,78,734,29,9,3.0,0.0,0.0,0.0,1.0,1.0,8.0,1.0,12.0,19.0,0.0,0.0,0.0,3447.0,38,456,29.0,411,45.0,7.0,0 days 00:26:25.812151
fcd714c799381d83a55d85fc8813aaf2,322,665,454,1375,26,32,5.0,5.0,2.0,0.0,0.0,0.0,13.0,0.0,32.0,22.0,0.0,23.0,1.0,6061.0,58,1499,26.0,1389,110.0,10.0,0 days 01:00:06.635083
fda96a011b9b53ba6aa39fa978140bdc,264,858,257,2842,81,64,10.0,18.0,0.0,0.0,0.0,0.0,18.0,0.0,91.0,28.0,0.0,1.0,0.0,6108.0,145,1524,81.0,1358,166.0,6.0,0 days 01:28:19.441566
0307ea84b89fceab3b507fec1900ce7e,311,565,322,4836,140,54,0.0,13.0,0.0,1.0,3.0,0.0,16.0,0.0,65.0,6.0,0.0,0.0,0.0,6934.0,194,1392,140.0,1284,108.0,7.0,0 days 00:47:34.761720
0a715a568a054d7996fcbcbf17b36551,256,549,258,1914,59,42,7.0,37.0,2.0,0.0,2.0,0.0,4.0,0.0,38.0,19.0,0.0,0.0,0.0,2670.0,101,1164,59.0,1055,109.0,7.0,0 days 00:52:28.004539
0cebfa477ed3e2e0c5a3f9aa96c23698,143,749,189,2030,121,35,4.0,4.0,12.0,0.0,3.0,0.0,20.0,1.0,73.0,15.0,1.0,0.0,0.0,3517.0,156,1237,121.0,1101,136.0,10.0,0 days 01:31:44.953314
1361825bdeb54e5153e74389df8a2a10,89,461,120,1218,41,41,0.0,20.0,0.0,0.0,6.0,0.0,11.0,0.0,67.0,7.0,0.0,0.0,0.0,3647.0,82,752,41.0,641,111.0,5.0,0 days 00:38:23.359130
139af8123e827b0b9d40871506216b7d,24,133,62,601,25,19,0.0,8.0,0.0,0.0,0.0,0.0,4.0,0.0,39.0,0.0,0.0,2.0,0.0,1091.0,44,263,25.0,210,53.0,4.0,0 days 00:12:10.872113
27c8f93d752f0222aa211e0691cebee4,354,671,471,3302,156,56,1.0,10.0,3.0,0.0,0.0,0.0,6.0,0.0,45.0,6.0,0.0,3.0,0.0,2373.0,212,1708,156.0,1634,74.0,7.0,0 days 00:59:38.226571
291a6ecd1a6e4a45fcb3f02c1cdcdf59,61,223,129,878,50,30,1.0,10.0,0.0,2.0,0.0,0.0,11.0,0.0,72.0,2.0,0.0,0.0,0.0,1758.0,80,493,50.0,391,102.0,7.0,0 days 00:20:48.986988
2979bd5d5a584c2aa70f4a434412bc2b,601,1063,754,2925,133,39,4.0,52.0,1.0,0.0,2.0,0.0,17.0,0.0,119.0,41.0,0.0,1.0,1.0,2041.0,172,2590,133.0,2352,238.0,9.0,0 days 01:53:52.026841
2bd3b13fa417ca0970aa75e44af86549,31,348,83,1303,46,26,3.0,3.0,6.0,7.0,0.0,0.0,6.0,0.0,15.0,23.0,0.0,0.0,0.0,2443.0,72,534,46.0,471,63.0,7.0,0 days 00:35:33.637543
379bbc4c2c728db0a249e8c4e6b621af,35,182,84,667,43,19,1.0,0.0,0.0,0.0,0.0,0.0,2.0,0.0,16.0,3.0,0.0,0.0,0.0,1418.0,62,363,43.0,341,22.0,4.0,0 days 00:20:22.083561
3d606cd38291c1e5941bc1c37f84f216,191,450,210,2279,77,36,2.0,23.0,1.0,0.0,0.0,0.0,3.0,0.0,44.0,20.0,1.0,0.0,0.0,2082.0,113,964,77.0,867,97.0,8.0,0 days 00:41:31.943455
41ec69e13985861a5b014318f13ab1e1,26,80,39,581,39,18,0.0,0.0,0.0,0.0,0.0,0.0,0.0,0.0,12.0,1.0,0.0,1.0,0.0,988.0,57,202,39.0,188,14.0,3.0,0 days 00:07:43.113438
43f0e2e3fc7691c51613758e2b65928e,268,1356,593,3513,233,93,0.0,88.0,10.0,0.0,0.0,0.0,28.0,1.0,203.0,52.0,0.0,10.0,0.0,3141.0,326,2543,233.0,2151,392.0,7.0,0 days 02:08:56.986180
479e88f02385c56f386d07d59f02a3b2,269,1073,356,3712,174,83,10.0,28.0,3.0,1.0,2.0,0.0,52.0,3.0,157.0,29.0,3.0,2.0,0.0,2958.0,257,1955,174.0,1664,291.0,12.0,0 days 01:37:12.748848
481c56986ebae62c870b0da9bbafc5c6,273,1176,449,3398,103,52,4.0,31.0,14.0,0.0,13.0,0.0,23.0,0.0,71.0,14.0,0.0,2.0,0.0,2739.0,155,2053,103.0,1881,172.0,8.0,0 days 01:46:31.369353
4c2a6bec22f436e1b14bbefa24443b4d,63,799,140,1737,16,18,3.0,8.0,3.0,0.0,2.0,0.0,15.0,0.0,20.0,11.0,0.0,0.0,0.0,1709.0,34,1036,16.0,974,62.0,7.0,0 days 01:49:04.952576
4e3519d7eafbfccdae231756fcf2ce9c,377,917,466,4720,322,117,0.0,33.0,0.0,0.0,0.0,0.0,9.0,0.0,88.0,4.0,0.0,1.0,0.0,4236.0,439,2199,322.0,2058,141.0,6.0,0 days 01:15:35.455700
4f9f1b81a07e3a192853ab1099a68fca,90,561,267,2292,98,50,3.0,18.0,0.0,0.0,0.0,0.0,6.0,0.0,69.0,6.0,0.0,0.0,0.0,2708.0,148,1066,98.0,964,102.0,5.0,0 days 00:49:12.996306
5f1981994e777f8d76c45df9adfc8662,188,1051,317,1846,57,32,9.0,0.0,7.0,0.0,0.0,0.0,21.0,0.0,63.0,14.0,0.0,0.0,0.0,326616.0,89,1645,57.0,1528,117.0,6.0,0 days 02:16:54.774740
604adb5a2ffd0f8313a8b6f1da784ba5,65,549,168,960,62,32,8.0,42.0,4.0,0.0,4.0,0.0,25.0,0.0,68.0,19.0,0.0,1.0,0.0,2685.0,94,876,62.0,697,179.0,9.0,0 days 00:54:54.450665
641eaeb08588407b37b1c2c109b59761,55,1073,58,2457,45,52,11.0,28.0,10.0,1.0,0.0,0.0,40.0,0.0,166.0,39.0,0.0,0.0,0.0,5039.0,97,1283,45.0,988,295.0,7.0,0 days 02:23:26.522397
6d5a2a59f6f376602a835fe57c70455b,6,126,22,862,37,19,1.0,5.0,0.0,0.0,0.0,0.0,12.0,0.0,39.0,1.0,0.0,0.0,0.0,2527.0,56,210,37.0,152,58.0,5.0,0 days 00:08:03.382307
6df42c634fbdd9f3c1a33219e89e4939,199,1398,317,5673,105,57,0.0,61.0,8.0,4.0,0.0,0.0,26.0,0.0,172.0,28.0,1.0,2.0,0.0,18523.0,162,2076,105.0,1774,302.0,8.0,0 days 02:11:36.092938
82641bcdf4d62d9f473022a2bee912d4,110,417,150,1479,69,34,0.0,6.0,0.0,0.0,0.0,0.0,6.0,0.0,63.0,1.0,0.0,0.0,0.0,1467.0,103,780,69.0,703,77.0,5.0,0 days 00:36:36.315963
86348207eecbbfef7db739a2f6595e18,126,596,355,1553,45,28,6.0,12.0,5.0,0.0,20.0,0.0,12.0,0.0,67.0,10.0,0.0,4.0,0.0,1853.0,73,1150,45.0,1014,136.0,8.0,0 days 01:07:14.893970
87959ef435c61f280e3402229c796940,27,136,45,312,18,19,0.0,0.0,0.0,0.0,0.0,0.0,3.0,0.0,3.0,4.0,0.0,1.0,0.0,3037.0,37,245,18.0,234,11.0,4.0,0 days 00:13:20.288823
8f5bbf339fb86953ffe9148794fcc52a,20,28,19,243,29,18,0.0,0.0,0.0,0.0,0.0,0.0,0.0,0.0,4.0,1.0,0.0,0.0,0.0,410.0,47,114,29.0,109,5.0,2.0,0 days 00:02:06.220688
92c1e87578f7b00e26df9d0ad21c63da,225,563,313,1619,82,58,6.0,2.0,0.0,2.0,1.0,0.0,18.0,0.0,63.0,7.0,0.0,2.0,0.0,2759.0,140,1241,82.0,1140,101.0,8.0,0 days 01:02:57.060243
95289197f5de3bb81c7622133a0199ee,208,512,317,1400,192,71,0.0,19.0,0.0,1.0,0.0,0.0,11.0,0.0,169.0,11.0,0.0,2.0,0.0,2265.0,263,1300,192.0,1087,213.0,6.0,0 days 00:54:05.663688
9feda7bbf2a2e9b1b6ed4a1daa538960,193,816,318,2758,120,58,4.0,12.0,0.0,4.0,10.0,0.0,35.0,0.0,116.0,4.0,0.0,0.0,0.0,3296.0,178,1505,120.0,1320,185.0,7.0,0 days 01:24:41.859304
a0dce576762dccbadb3476bad1732c82,194,311,172,1695,78,29,0.0,11.0,0.0,0.0,5.0,0.0,7.0,0.0,40.0,0.0,0.0,1.0,0.0,2753.0,107,784,78.0,720,64.0,5.0,0 days 00:20:14.227302
a23402a174a55c4211136df4425a724e,328,2013,384,5335,181,84,26.0,44.0,13.0,0.0,34.0,0.0,27.0,0.0,216.0,32.0,6.0,6.0,0.0,5249.0,265,2990,181.0,2585,405.0,10.0,0 days 03:56:27.186473
a3891cc21e1dd0051caa212b95c928f0,229,1340,355,3142,131,74,1.0,42.0,3.0,2.0,0.0,0.0,10.0,0.0,135.0,13.0,3.0,0.0,0.0,2944.0,205,2129,131.0,1906,223.0,9.0,0 days 02:36:47.067557
a5841e53cf792922ad8a7c033329f09c,15,172,91,829,52,25,0.0,21.0,0.0,0.0,0.0,0.0,2.0,0.0,29.0,1.0,0.0,1.0,0.0,4886.0,77,355,52.0,301,54.0,5.0,0 days 00:13:35.959929
a6a0726e8604766b4636749d9203842b,318,776,389,3243,131,50,1.0,73.0,2.0,1.0,0.0,0.0,12.0,0.0,129.0,8.0,1.0,4.0,0.0,2415.0,181,1664,131.0,1429,235.0,10.0,0 days 01:19:26.093758
a6f51cc7deb4cb5c5f493747f0e6e3a5,148,1619,475,5272,182,83,6.0,41.0,0.0,2.0,7.0,0.0,27.0,0.0,241.0,20.0,0.0,6.0,0.0,2833.0,265,2507,182.0,2151,356.0,9.0,0 days 03:05:22.530220
a7e82fef913fa275bef458aade2e5ae4,206,697,248,2922,114,39,0.0,10.0,5.0,1.0,0.0,1.0,13.0,1.0,61.0,18.0,2.0,14.0,0.0,6789.0,153,1304,114.0,1178,126.0,10.0,0 days 01:06:05.291538
a92f1708363527a34d93b0bc7840262c,520,581,398,2988,159,61,1.0,12.0,1.0,0.0,0.0,2.0,14.0,0.0,100.0,15.0,0.0,1.0,0.0,6060.0,220,1719,159.0,1572,147.0,9.0,0 days 00:51:11.642665
acc2ce1e332284a8a55fb7e2fd8bf7c3,134,433,191,1644,72,49,0.0,0.0,0.0,0.0,1.0,0.0,8.0,0.0,48.0,4.0,0.0,5.0,0.0,1484.0,121,879,72.0,813,66.0,5.0,0 days 00:38:04.614201
b1dfc5c6ec04d46d1823c5fa972ad320,119,497,100,1533,30,19,3.0,1.0,1.0,2.0,4.0,0.0,7.0,0.0,43.0,12.0,0.0,2.0,0.0,3585.0,49,765,30.0,689,76.0,10.0,0 days 00:54:40.426613
b2d48f67a089cc23fb2bc7729f8a2300,61,112,52,714,25,13,0.0,7.0,0.0,0.0,0.0,0.0,0.0,0.0,8.0,0.0,0.0,0.0,0.0,1709.0,38,263,25.0,248,15.0,2.0,0 days 00:09:38.206732
b64ce7758b9f7e58f1ad8bbcf7811e7d,226,606,270,2815,215,73,0.0,12.0,0.0,0.0,1.0,0.0,7.0,0.0,78.0,5.0,0.0,11.0,0.0,2204.0,288,1390,215.0,1276,114.0,6.0,0 days 00:59:10.221122
b69c06f1f563ace3c69c7b32f2a6c850,158,221,207,750,53,39,0.0,0.0,0.0,2.0,0.0,0.0,4.0,0.0,13.0,2.0,0.0,0.0,0.0,2491.0,92,678,53.0,657,21.0,4.0,0 days 00:23:14.036322
b84f9624c8d995c6b945afc898bd9973,54,242,76,425,33,24,2.0,9.0,0.0,0.0,1.0,10.0,2.0,0.0,14.0,5.0,0.0,0.0,0.0,2414.0,57,429,33.0,385,44.0,8.0,0 days 00:24:48.035480
bd47306d1ab10377783e37d4d363e482,107,323,231,1174,54,24,3.0,9.0,8.0,0.0,0.0,0.0,10.0,0.0,27.0,5.0,0.0,1.0,0.0,2279.0,78,739,54.0,673,66.0,8.0,0 days 00:31:30.051944
be9c58e4a639094d9f2c8bfec91afc16,168,757,205,2965,103,54,4.0,22.0,30.0,1.0,0.0,0.0,15.0,0.0,77.0,26.0,1.0,2.0,0.0,4762.0,157,1287,103.0,1109,178.0,9.0,0 days 00:57:22.136870
bebc49073c8a5def929612def946c281,244,441,463,1076,44,34,2.0,5.0,0.0,0.0,0.0,1.0,5.0,0.0,41.0,3.0,0.0,1.0,0.0,1740.0,78,1226,44.0,1167,59.0,8.0,0 days 00:48:02.425225
c054e8c731029ce6d73c784213513b09,546,3204,856,10343,523,144,31.0,11.0,5.0,3.0,0.0,1.0,75.0,0.0,334.0,125.0,1.0,7.0,0.0,9463.0,667,5273,523.0,4679,594.0,11.0,0 days 05:21:49.816882
c07f5585e0746dbf1021e0534565fc94,156,492,236,1609,47,27,1.0,16.0,4.0,0.0,3.0,0.0,6.0,0.0,39.0,17.0,1.0,0.0,0.0,2853.0,74,958,47.0,865,93.0,9.0,0 days 00:55:21.634128
c3b33b73130d1e4649f10117f7508195,51,179,115,802,33,16,1.0,1.0,0.0,0.0,1.0,0.0,2.0,0.0,15.0,2.0,0.0,1.0,0.0,2499.0,49,394,33.0,371,23.0,7.0,0 days 00:17:20.429850
c4430d195d70c8839843f381270e93cd,43,129,40,422,28,8,0.0,2.0,0.0,0.0,0.0,0.0,15.0,0.0,35.0,2.0,0.0,0.0,0.0,713.0,36,248,28.0,194,54.0,4.0,0 days 00:16:00.098999
ca7f48cb0d61ed7c967adf1a0010367e,101,429,101,3056,152,55,2.0,22.0,0.0,1.0,1.0,0.0,7.0,0.0,29.0,2.0,0.0,2.0,0.0,1356.0,207,838,152.0,772,66.0,8.0,0 days 00:35:14.406806
d60df871c935791074fe3fc9c919b1e4,74,902,57,1687,26,20,0.0,3.0,5.0,0.0,0.0,0.0,19.0,0.0,81.0,9.0,0.0,0.0,0.0,6351.0,46,1079,26.0,962,117.0,5.0,0 days 00:54:44.661210
dd48bc0174c3ca2370b0a49c2bd6fa82,319,801,360,3472,124,51,6.0,33.0,6.0,1.0,0.0,0.0,20.0,0.0,90.0,13.0,0.0,3.0,1.0,6008.0,175,1655,124.0,1482,173.0,9.0,0 days 01:14:30.158965
deab088838618d0f80db74ae4a277269,176,871,293,1942,89,59,10.0,58.0,10.0,0.0,0.0,0.0,15.0,0.0,114.0,17.0,10.0,0.0,0.0,5737.0,148,1488,89.0,1248,240.0,8.0,0 days 01:41:37.370641
e5d4b572258708faa5eb1c382eaba86c,223,792,278,2137,81,60,2.0,10.0,7.0,0.0,0.0,0.0,14.0,1.0,139.0,20.0,1.0,2.0,0.0,4019.0,141,1434,81.0,1238,196.0,9.0,0 days 01:30:57.143283
ef3a6cc38845548b4329271ac48d638d,37,122,62,720,28,18,1.0,4.0,0.0,0.0,0.0,0.0,1.0,0.0,29.0,1.0,0.0,1.0,0.0,952.0,46,267,28.0,230,37.0,6.0,0 days 00:09:30.175587
ef42bcd3300605e66dc7f8c01f773dec,234,978,390,2606,150,61,15.0,11.0,7.0,0.0,1.0,0.0,24.0,0.0,87.0,46.0,0.0,6.0,0.0,4137.0,211,1813,150.0,1616,197.0,8.0,0 days 01:44:22.712045
f081b3cddc1a85f07c2560673f28547f,200,471,357,1475,110,45,0.0,51.0,0.0,2.0,1.0,0.0,2.0,0.0,69.0,3.0,0.0,1.0,0.0,1931.0,155,1183,110.0,1052,131.0,8.0,0 days 00:43:29.546716
f5fd1f70d1747238d53ec5ef722d68d7,379,568,435,3246,236,84,0.0,17.0,0.0,0.0,0.0,0.0,6.0,0.0,70.0,11.0,0.0,0.0,0.0,2005.0,320,1702,236.0,1596,106.0,5.0,0 days 00:47:14.658343
f65238cddaeec1be538e9c1a5990e48f,338,560,248,2352,104,46,4.0,7.0,7.0,2.0,4.0,0.0,7.0,0.0,76.0,6.0,3.0,3.0,0.0,1360.0,150,1296,104.0,1177,119.0,10.0,0 days 00:56:56.604181
f8bb7ed0860701686be0bcaad12dcee6,469,754,811,3101,184,67,4.0,5.0,0.0,0.0,2.0,0.0,16.0,0.0,60.0,20.0,0.0,7.0,0.0,3315.0,251,2285,184.0,2171,114.0,7.0,0 days 00:54:38.163587
fbc64c2a6c18eb693cb24d8081e034df,97,613,93,686,37,14,10.0,0.0,0.0,5.0,0.0,11.0,25.0,0.0,26.0,14.0,0.0,0.0,0.0,875.0,51,854,37.0,750,104.0,8.0,0 days 00:42:21.033197
02d679ad650962b6ae8bf8adbeeb33c1,69,545,150,1119,41,24,2.0,16.0,1.0,0.0,0.0,0.0,18.0,0.0,71.0,6.0,0.0,0.0,0.0,1228.0,65,829,41.0,701,128.0,7.0,0 days 01:06:30.302228
0c7b9053af0850d3eaa8b61de50a26cd,157,412,208,2140,81,49,0.0,6.0,0.0,0.0,0.0,0.0,7.0,0.0,38.0,3.0,0.0,2.0,0.0,2125.0,130,907,81.0,851,56.0,5.0,0 days 00:30:51.424781
1d6a9b03150137d40a4b024518aa0fa6,503,1302,662,5848,483,95,0.0,76.0,2.0,1.0,0.0,0.0,25.0,0.0,127.0,17.0,2.0,2.0,0.0,4629.0,578,3045,483.0,2793,252.0,8.0,0 days 02:07:53.644105
320c71e05fde5152c26575798bfeb953,432,1875,891,5321,140,81,4.0,48.0,2.0,5.0,1.0,0.0,26.0,0.0,174.0,28.0,5.0,25.0,0.0,14843.0,221,3419,140.0,3101,318.0,10.0,0 days 03:22:00.486404
321fe53fdc9f70e4d17930e03cbd49e7,137,456,116,2519,67,29,1.0,6.0,3.0,0.0,0.0,0.0,9.0,0.0,73.0,3.0,0.0,1.0,0.0,2146.0,96,805,67.0,709,96.0,7.0,0 days 00:35:46.018365
32e7400bb54ff66588587d2f2b1b22c2,207,1036,306,3448,85,37,0.0,47.0,4.0,0.0,3.0,0.0,7.0,0.0,107.0,6.0,0.0,2.0,2.0,3274.0,122,1671,85.0,1492,179.0,9.0,0 days 01:43:22.707317
33fe133f30a5f6f14bb08aabd4114d92,13,214,25,703,27,10,0.0,5.0,1.0,0.0,0.0,0.0,15.0,0.0,45.0,5.0,0.0,0.0,0.0,679.0,37,289,27.0,218,71.0,5.0,0 days 00:27:53.512488
3723be496725be52bc640fd39aea51e6,277,753,308,2963,80,41,18.0,15.0,3.0,0.0,2.0,0.0,16.0,0.0,60.0,22.0,2.0,12.0,0.0,4067.0,121,1459,80.0,1309,150.0,9.0,0 days 01:10:00.569314
3750e5317d2967d407e66236ad3b7ab5,175,191,254,781,49,27,2.0,3.0,0.0,0.0,1.0,0.0,3.0,0.0,15.0,6.0,0.0,0.0,0.0,1588.0,76,696,49.0,665,31.0,7.0,0 days 00:17:53.387338
3d2fd5b219300a9aee7b21887a24c539,94,217,120,1180,70,26,3.0,2.0,0.0,0.0,0.0,0.0,3.0,0.0,25.0,7.0,0.0,0.0,0.0,1459.0,96,527,70.0,487,40.0,5.0,0 days 00:16:37.484948
3e5fd8ec3f352d90ff3906ae403ebeac,344,864,430,4578,182,88,2.0,0.0,6.0,0.0,1.0,0.0,14.0,0.0,41.0,10.0,1.0,0.0,0.0,4672.0,270,1908,182.0,1833,75.0,7.0,0 days 01:18:03.088263
4e4fc034dea12369dc5de555ad478a07,197,458,306,2203,39,25,8.0,11.0,2.0,0.0,0.0,0.0,8.0,0.0,34.0,16.0,0.0,7.0,0.0,4370.0,64,1025,39.0,939,86.0,7.0,0 days 00:45:00.880668
5104564f160fb05b4b79bbdb09c03c4f,213,387,234,2855,95,39,0.0,15.0,0.0,0.0,5.0,0.0,2.0,0.0,34.0,3.0,0.0,0.0,0.0,1899.0,134,968,95.0,909,59.0,5.0,0 days 00:24:45.405787
52de7db1d670939f4381ac9c9e0e4f38,125,142,121,976,40,19,2.0,3.0,0.0,0.0,0.0,0.0,11.0,0.0,25.0,3.0,0.0,0.0,0.0,1361.0,59,447,40.0,403,44.0,5.0,0 days 00:09:32.042236
579c29c5407ed999b692374653d25a61,237,999,248,2668,110,56,2.0,15.0,22.0,0.0,0.0,0.0,11.0,0.0,82.0,35.0,0.0,9.0,0.0,1717.0,166,1650,110.0,1474,176.0,7.0,0 days 01:46:40.227767
59d4d32d1adaab3ed5ecbf5ca9d728ca,60,387,104,1162,16,10,6.0,9.0,11.0,0.0,2.0,0.0,1.0,0.0,23.0,3.0,4.0,5.0,0.0,3179.0,26,577,16.0,512,65.0,10.0,0 days 00:51:30.580591
5d83718570cad6c421fc5c9e9b80159e,89,403,127,1651,34,25,0.0,6.0,0.0,1.0,1.0,0.0,8.0,0.0,81.0,6.0,2.0,0.0,0.0,2637.0,59,678,34.0,573,105.0,7.0,0 days 00:26:22.243622
60085c119be41ce2a56c2576583d821c,148,385,158,2105,131,40,12.0,1.0,1.0,1.0,0.0,2.0,11.0,0.0,36.0,7.0,0.0,2.0,0.0,861.0,171,862,131.0,789,73.0,9.0,0 days 00:31:15.749999
64d3bd3b339f63a66b8c878b561551d8,993,1165,390,2783,180,60,2.0,64.0,0.0,0.0,0.0,0.0,11.0,0.0,145.0,76.0,0.0,0.0,0.0,1634.0,240,2788,180.0,2488,300.0,6.0,0 days 01:14:41.090021
65e452ca8afdf0ba6a8cbc4af63da728,222,941,325,2868,58,45,10.0,13.0,7.0,0.0,7.0,0.0,23.0,0.0,89.0,20.0,0.0,0.0,0.0,3765.0,103,1591,58.0,1422,169.0,7.0,0 days 01:41:46.618518
6a574b00e6da1dad01065f3d90738721,237,1110,268,3749,70,50,9.0,49.0,9.0,1.0,0.0,0.0,30.0,0.0,86.0,17.0,3.0,1.0,0.0,11116.0,120,1735,70.0,1530,205.0,9.0,0 days 02:02:13.740227
6ae71a054e9a503a1f0950de131833a2,142,450,212,2067,81,53,22.0,4.0,1.0,0.0,0.0,0.0,8.0,0.0,56.0,22.0,0.0,1.0,0.0,6808.0,134,938,81.0,824,114.0,7.0,0 days 00:40:15.435064
6f07da24588ef7be16618bbe848d2aa6,147,672,282,2739,59,29,1.0,7.0,7.0,0.0,2.0,0.0,9.0,0.0,71.0,16.0,1.0,2.0,0.0,1664.0,88,1189,59.0,1073,116.0,9.0,0 days 01:08:25.532072
7359eff18cfd86cf045a149530e26627,206,349,268,1262,50,24,0.0,8.0,0.0,0.0,0.0,3.0,5.0,0.0,44.0,1.0,0.0,0.0,0.0,1443.0,74,897,50.0,836,61.0,5.0,0 days 00:21:11.053194
76fa75f0e9cd794207dda975ca84dfb3,253,928,446,2923,149,49,2.0,10.0,4.0,0.0,1.0,0.0,20.0,0.0,81.0,19.0,2.0,3.0,0.0,2543.0,198,1825,149.0,1683,142.0,9.0,0 days 01:38:41.509489
77174b6a21fc52977ea8a50f8e325beb,151,135,197,1351,31,20,0.0,8.0,0.0,0.0,0.0,0.0,4.0,0.0,18.0,1.0,0.0,1.0,0.0,1371.0,51,534,31.0,502,32.0,5.0,0 days 00:04:22.123451
7b5bd317f5674f7d064f43ca1b6fe259,30,30,9,193,6,4,0.0,0.0,0.0,0.0,0.0,0.0,3.0,0.0,1.0,1.0,0.0,0.0,0.0,362.0,10,79,6.0,74,5.0,3.0,0 days 00:01:32.755711
7ba601138e531ca65131aaafdd0b0fca,33,348,76,961,52,32,1.0,23.0,0.0,0.0,2.0,0.0,11.0,0.0,40.0,7.0,0.0,0.0,0.0,14058.0,84,541,52.0,457,84.0,6.0,0 days 00:33:29.677748
7c74f9e3da2ec3ebf687ed4da9a1f82b,95,319,162,1571,117,33,2.0,0.0,0.0,1.0,0.0,0.0,19.0,0.0,42.0,6.0,0.0,0.0,0.0,2197.0,150,726,117.0,656,70.0,5.0,0 days 00:29:15.048548
82dc7d436327c606540768cb9f3b55ee,23,77,31,228,17,6,0.0,0.0,0.0,0.0,0.0,0.0,1.0,0.0,20.0,0.0,0.0,0.0,0.0,412.0,23,154,17.0,133,21.0,2.0,0 days 00:04:58.325880
8b1862b185a8d8e375ab781e55e3c39a,181,446,172,1761,40,21,0.0,11.0,14.0,0.0,2.0,0.0,12.0,0.0,35.0,10.0,4.0,0.0,0.0,2564.0,61,860,40.0,772,88.0,7.0,0 days 00:45:26.833027
8e72970e2fdad1fa564d800ba15d72c4,228,1939,325,5945,108,60,6.0,50.0,21.0,0.0,0.0,0.0,21.0,12.0,191.0,24.0,3.0,4.0,0.0,3851.0,168,2660,108.0,2328,332.0,9.0,0 days 03:27:42.056928
92f1d409e9283fc62ebc7d59279f15c3,137,1288,157,3364,87,43,9.0,17.0,1.0,1.0,0.0,0.0,20.0,0.0,99.0,26.0,0.0,1.0,0.0,2665.0,130,1712,87.0,1538,174.0,8.0,0 days 02:03:13.506854
93229bfed1b03a573e6139c21fc4e5c7,408,543,359,1353,76,44,3.0,32.0,0.0,0.0,1.0,0.0,3.0,0.0,96.0,3.0,0.0,0.0,0.0,2862.0,120,1430,76.0,1290,140.0,7.0,0 days 00:57:20.859694
97ff350207ca6a952e2b62129e0549f0,269,628,275,1787,69,42,2.0,16.0,15.0,0.0,1.0,0.0,15.0,0.0,74.0,7.0,3.0,0.0,0.0,2108.0,111,1283,69.0,1150,133.0,8.0,0 days 01:04:37.970541
9879db96946fbb8a3e255ab8815c577e,117,812,189,3723,112,48,6.0,28.0,0.0,0.0,0.0,1.0,22.0,0.0,96.0,12.0,0.0,2.0,0.0,2617.0,160,1278,112.0,1111,167.0,7.0,0 days 01:15:12.324929
98a2576c48530076abcaf557f266efd9,170,559,239,2836,67,30,8.0,9.0,3.0,2.0,0.0,0.0,13.0,0.0,36.0,15.0,0.0,0.0,0.0,1968.0,97,1065,67.0,979,86.0,7.0,0 days 00:56:15.244817
995eae68fe66f02aa88128425cc87e81,162,742,208,3184,59,40,0.0,7.0,8.0,2.0,0.0,0.0,28.0,0.0,50.0,8.0,4.0,1.0,0.0,2506.0,99,1211,59.0,1103,108.0,8.0,0 days 01:10:11.158601
9b430de7406c68bb31fd726c99ac3558,279,841,446,1534,120,53,1.0,55.0,7.0,0.0,0.0,0.0,11.0,0.0,156.0,27.0,2.0,3.0,0.0,4846.0,173,1739,120.0,1463,276.0,9.0,0 days 01:39:08.376366
a2dc2d0036c53b22cb9fb6bc280809f5,339,976,368,3052,162,43,0.0,17.0,0.0,0.0,7.0,0.0,16.0,0.0,79.0,9.0,0.0,0.0,0.0,4080.0,205,1888,162.0,1760,128.0,5.0,0 days 01:54:18.371350
af4a88df59c0df41ee7fca0ca57fba3a,281,1422,555,4087,92,62,2.0,44.0,0.0,1.0,6.0,0.0,24.0,0.0,222.0,27.0,2.0,3.0,0.0,3344.0,154,2412,92.0,2081,331.0,9.0,0 days 02:29:17.632121
b3544e076d49acb0dd2af969419895f0,218,404,349,1903,48,48,0.0,2.0,0.0,0.0,0.0,0.0,3.0,0.0,37.0,0.0,2.0,0.0,0.0,2683.0,96,1067,48.0,1023,44.0,4.0,0 days 00:33:40.205563
b7848fb18dbf386464e7cb7c37758241,536,820,582,3841,125,57,3.0,22.0,0.0,4.0,0.0,0.0,17.0,0.0,67.0,6.0,1.0,3.0,0.0,7242.0,182,2120,125.0,1997,123.0,8.0,0 days 01:22:14.569634
c2e15430ed832457c780c948b21c37ec,439,526,564,2506,190,54,0.0,6.0,1.0,1.0,1.0,0.0,4.0,0.0,68.0,8.0,0.0,0.0,0.0,5547.0,244,1773,190.0,1684,89.0,7.0,0 days 00:48:11.552132
cb75e24ff92bb3f07f0051b945d5295b,127,415,152,1791,85,48,0.0,2.0,0.0,0.0,0.0,0.0,7.0,0.0,35.0,1.0,0.0,0.0,0.0,2033.0,133,827,85.0,780,47.0,5.0,0 days 00:20:56.613454
cdac3b51658dd26dd9cb7a70260f9af5,621,1530,895,4422,109,67,0.0,19.0,8.0,1.0,8.0,0.0,22.0,0.0,130.0,57.0,0.0,4.0,5.0,6630.0,176,3222,109.0,2968,254.0,9.0,0 days 03:02:04.001259
d21e4243dd618580580846f676c2b85a,203,507,231,2406,70,29,0.0,9.0,0.0,0.0,0.0,0.0,7.0,0.0,29.0,3.0,0.0,7.0,0.0,1878.0,99,1040,70.0,985,55.0,5.0,0 days 00:38:31.093937
d5a1f82d20610cfc2ee2df22e16ad238,191,597,280,2396,88,40,3.0,25.0,2.0,0.0,0.0,0.0,6.0,0.0,48.0,10.0,3.0,4.0,0.0,3396.0,128,1196,88.0,1095,101.0,8.0,0 days 01:02:20.937971
d5d6ef4cf638f306e8948582b7662c45,525,1279,737,4858,114,59,3.0,19.0,35.0,0.0,1.0,0.0,12.0,0.0,42.0,15.0,1.0,4.0,0.0,7207.0,173,2714,114.0,2582,132.0,9.0,0 days 02:09:30.152014
e4f677ad43c84ada8abc579c6abf9aee,476,1956,790,6866,287,114,27.0,49.0,49.0,10.0,16.0,4.0,87.0,0.0,139.0,21.0,5.0,27.0,1.0,19366.0,401,3623,287.0,3169,454.0,15.0,0 days 02:56:40.349680
ef64bcdb755a678ecea401b713fee614,301,473,457,2153,72,29,3.0,5.0,6.0,0.0,1.0,0.0,12.0,0.0,89.0,6.0,1.0,5.0,7.0,3525.0,101,1332,72.0,1197,135.0,10.0,0 days 00:53:17.845064
f0c4f08113a2bc5a9275dd881c616a92,235,597,357,2712,89,40,2.0,10.0,6.0,0.0,0.0,0.0,9.0,0.0,42.0,18.0,1.0,2.0,0.0,3547.0,129,1318,89.0,1228,90.0,8.0,0 days 00:49:38.453736
f1641addf883c1130a801d06d07eef4c,246,563,308,2903,92,57,1.0,31.0,0.0,0.0,0.0,0.0,14.0,0.0,119.0,3.0,0.0,0.0,0.0,2688.0,149,1266,92.0,1098,168.0,5.0,0 days 00:49:22.722837
f5e00dfd7cb43f85c86dd5373da9516c,5,33,6,212,9,4,0.0,0.0,0.0,0.0,0.0,0.0,2.0,0.0,5.0,0.0,0.0,0.0,0.0,622.0,13,57,9.0,50,7.0,2.0,0 days 00:02:24.136879
f79d398d62d5eaff8d7b1f9f6aaf65ab,70,106,151,797,43,18,0.0,1.0,0.0,0.0,0.0,0.0,5.0,0.0,5.0,0.0,0.0,0.0,0.0,2600.0,61,388,43.0,377,11.0,3.0,0 days 00:03:46.625465
f83882e0705489c3c0514fe226fdda4f,206,443,271,1473,109,36,1.0,5.0,0.0,0.0,0.0,0.0,15.0,0.0,61.0,14.0,0.0,1.0,0.0,2066.0,145,1065,109.0,968,97.0,6.0,0 days 00:46:01.743000
096db99c63cfb79a7998e1ef5cea6210,352,497,608,3419,180,65,1.0,10.0,2.0,0.0,0.0,0.0,3.0,0.0,64.0,6.0,1.0,2.0,0.0,18625.0,245,1702,180.0,1613,89.0,8.0,0 days 00:41:05.129962
0c954a3dd67f4cddc79bc2c80479b302,207,752,183,2265,54,32,3.0,21.0,1.0,2.0,1.0,0.0,9.0,0.0,83.0,6.0,0.0,1.0,0.0,2731.0,86,1228,54.0,1101,127.0,9.0,0 days 01:12:28.602534
129ddde18a68ca2abcdc3dfed2193e8d,91,361,157,1201,28,19,2.0,0.0,2.0,0.0,1.0,0.0,4.0,0.0,42.0,4.0,1.0,3.0,0.0,5977.0,47,656,28.0,597,59.0,8.0,0 days 00:34:56.325021
19056c5976e9a570a9d075ffd241dc8c,73,222,207,959,47,49,0.0,0.0,0.0,0.0,0.0,0.0,1.0,0.0,10.0,0.0,0.0,1.0,0.0,5106.0,96,598,47.0,586,12.0,3.0,0 days 00:19:55.043462
193d4fd1d794b5f85e8d69d85318f053,318,765,384,3259,98,61,3.0,11.0,10.0,0.0,0.0,0.0,18.0,0.0,57.0,29.0,0.0,0.0,0.0,3990.0,159,1626,98.0,1498,128.0,6.0,0 days 01:12:11.715948
211e56f630ac8bf04d3a499793850c8c,164,647,272,1968,34,28,1.0,4.0,5.0,1.0,0.0,0.0,6.0,0.0,53.0,0.0,0.0,0.0,0.0,4063.0,62,1145,34.0,1075,70.0,6.0,0 days 01:03:19.334720
234c16857c59d7cade139c6457200b6a,485,835,992,2011,107,41,0.0,15.0,1.0,4.0,4.0,0.0,10.0,2.0,61.0,2.0,0.0,0.0,0.0,3494.0,148,2460,107.0,2361,99.0,8.0,0 days 01:46:08.452694
25530cbca34fd5b1afc5a985147c66e1,82,485,169,1023,42,25,0.0,24.0,1.0,0.0,2.0,0.0,7.0,0.0,61.0,7.0,1.0,0.0,0.0,2477.0,67,803,42.0,695,108.0,8.0,0 days 00:53:46.783924
2b2a0982179d48f1e8630edb15558915,402,1100,726,3720,72,45,5.0,17.0,1.0,4.0,1.0,0.0,16.0,0.0,50.0,31.0,0.0,7.0,0.0,25650.0,117,2345,72.0,2213,132.0,9.0,0 days 01:57:32.527527
2e0b2a391b267f0bad149cdd4fde7c77,196,491,273,1807,55,32,2.0,10.0,2.0,0.0,6.0,1.0,8.0,0.0,52.0,8.0,0.0,0.0,0.0,4831.0,87,1047,55.0,958,89.0,8.0,0 days 00:46:57.624675
34024522c588638da7de356d1b3129a7,507,774,579,3878,142,58,3.0,16.0,0.0,0.0,1.0,0.0,15.0,0.0,113.0,24.0,1.0,4.0,2.0,3589.0,200,2060,142.0,1881,179.0,9.0,0 days 01:10:35.875829
38072b9ea3fd99917b417c1ee712de83,138,343,232,1293,19,17,2.0,3.0,1.0,0.0,0.0,0.0,6.0,0.0,16.0,5.0,0.0,4.0,0.0,5319.0,36,749,19.0,708,41.0,8.0,0 days 00:30:58.477835
3d460d9f6feb1d3f9e142cd844343e0b,232,1466,242,3819,154,108,9.0,18.0,6.0,3.0,9.0,1.0,40.0,0.0,136.0,37.0,0.0,0.0,0.0,4030.0,262,2202,154.0,1943,259.0,9.0,0 days 02:49:35.486012
3e7fcab5c8f636064e5b25c6abacb4bf,182,1471,444,2018,54,49,1.0,66.0,0.0,0.0,0.0,0.0,15.0,0.0,187.0,9.0,0.0,1.0,0.0,13517.0,103,2200,54.0,1920,280.0,7.0,0 days 02:41:17.468618
3ffc472463f45e721eba888c571801f9,62,167,77,443,22,30,3.0,4.0,0.0,0.0,0.0,0.0,0.0,0.0,30.0,0.0,0.0,0.0,0.0,3092.0,52,358,22.0,320,38.0,4.0,0 days 00:19:50.511067
43614526a6c8258926cdad20e022d95b,189,394,279,1039,86,43,0.0,12.0,0.0,0.0,0.0,0.0,7.0,0.0,54.0,7.0,0.0,0.0,0.0,2425.0,129,991,86.0,910,81.0,5.0,0 days 00:40:09.637452
48245f5393e9819cc5465f00ad214e1b,181,726,388,2473,60,35,4.0,6.0,2.0,1.0,0.0,1.0,9.0,0.0,50.0,2.0,0.0,0.0,1.0,5330.0,95,1390,60.0,1314,76.0,9.0,0 days 01:22:30.556640
559d8cca791d0ad9ac79d4d309d9c7c3,284,502,371,2414,60,26,0.0,3.0,0.0,2.0,15.0,0.0,5.0,0.0,50.0,6.0,1.0,0.0,0.0,6062.0,86,1243,60.0,1161,82.0,7.0,0 days 00:45:50.471717
62fec5651a73c2199c3ecd2016b401ad,207,583,278,1548,24,22,0.0,21.0,0.0,1.0,7.0,0.0,5.0,0.0,35.0,8.0,0.0,3.0,0.0,3374.0,46,1114,24.0,1034,80.0,7.0,0 days 00:54:48.935551
681a2ee5f3fe039c1d403fccb58a3a67,1,43,3,154,5,5,0.0,0.0,0.0,0.0,0.0,0.0,3.0,0.0,15.0,0.0,0.0,0.0,0.0,508.0,10,57,5.0,39,18.0,2.0,0 days 00:03:06.415494
6c8d0f74f8332323d0e46da1ec7d9afd,334,843,444,2803,53,37,3.0,3.0,3.0,0.0,14.0,0.0,14.0,0.0,52.0,13.0,2.0,2.0,0.0,4030.0,90,1711,53.0,1605,106.0,9.0,0 days 01:18:35.472945
78e175e4b4cfb1c8883057ae97600a46,264,833,433,2302,39,42,2.0,12.0,3.0,0.0,11.0,0.0,13.0,0.0,97.0,16.0,0.0,0.0,0.0,3827.0,81,1611,39.0,1457,154.0,7.0,0 days 01:30:39.672662
78ed069a3a944d4463d39ffa74138614,284,1058,348,2568,44,39,0.0,47.0,1.0,1.0,1.0,0.0,20.0,0.0,102.0,9.0,7.0,5.0,0.0,4697.0,83,1773,44.0,1567,206.0,10.0,0 days 01:59:01.058007
798c80d80b22180369817438da6533fc,77,228,137,634,24,21,1.0,0.0,2.0,0.0,0.0,0.0,5.0,0.0,23.0,2.0,0.0,0.0,0.0,5534.0,45,487,24.0,453,34.0,6.0,0 days 00:17:30.545418
7ac415f65664aa5dd3c25c2dcd519af1,316,537,542,2491,160,57,1.0,12.0,0.0,1.0,0.0,0.0,9.0,0.0,51.0,5.0,0.0,3.0,0.0,2972.0,217,1612,160.0,1530,82.0,7.0,0 days 00:53:12.533029
80be0f3478e6b7602d439c9c92b4f62a,133,454,282,1369,32,24,1.0,13.0,8.0,1.0,0.0,0.0,8.0,0.0,42.0,13.0,1.0,1.0,0.0,10536.0,56,925,32.0,834,91.0,10.0,0 days 00:47:25.161041
92fcd7a854eb341782743e532e0a7914,458,1124,686,3326,217,57,0.0,41.0,2.0,1.0,7.0,0.0,25.0,0.0,121.0,11.0,5.0,4.0,11.0,3670.0,274,2542,217.0,2311,231.0,11.0,0 days 01:47:31.261131
9726a91e5bb238f6a05e657adb40738c,254,883,403,1824,76,69,4.0,22.0,3.0,1.0,18.0,0.0,3.0,0.0,47.0,13.0,2.0,4.0,0.0,19791.0,145,1685,76.0,1568,117.0,10.0,0 days 01:20:09.830058
9e4aed84a5c53a17c29d570ac527ce0a,95,316,117,669,27,16,0.0,14.0,0.0,0.0,13.0,0.0,1.0,0.0,28.0,2.0,0.0,2.0,0.0,1499.0,43,571,27.0,507,64.0,7.0,0 days 00:31:32.528441
9ee0314784616d70f917efd258ed311c,30,79,48,394,14,16,1.0,7.0,0.0,0.0,0.0,1.0,0.0,0.0,11.0,0.0,0.0,0.0,0.0,6099.0,30,187,14.0,167,20.0,4.0,0 days 00:04:31.105910
9fdc1083486fd8a677d32fa2f848317c,233,773,332,2112,56,36,3.0,5.0,0.0,2.0,3.0,0.0,18.0,0.0,47.0,15.0,0.0,3.0,0.0,4473.0,92,1430,56.0,1334,96.0,8.0,0 days 01:09:57.976699
a457518f33a1a7e9d835c28bfe66327a,363,1245,502,3733,131,67,1.0,8.0,0.0,0.0,10.0,0.0,20.0,0.0,117.0,5.0,4.0,0.0,0.0,5166.0,198,2308,131.0,2143,165.0,7.0,0 days 02:12:37.065200
a5b8d98aa354c067a53ec0d55a2ae574,57,72,114,683,33,27,5.0,0.0,0.0,0.0,0.0,0.0,0.0,0.0,14.0,0.0,0.0,0.0,0.0,8627.0,60,303,33.0,284,19.0,2.0,0 days 00:04:27.071975
a950b5467cb42eff9068dbf2b750dcfa,171,276,203,1576,40,28,0.0,1.0,1.0,0.0,0.0,0.0,3.0,0.0,34.0,2.0,0.0,1.0,0.0,5632.0,68,718,40.0,675,43.0,7.0,0 days 00:22:27.643799
aadaf0561ac7e45616f1357840107e96,204,737,283,2226,83,50,3.0,12.0,2.0,0.0,0.0,0.0,15.0,0.0,87.0,12.0,1.0,6.0,3.0,4673.0,133,1357,83.0,1216,141.0,9.0,0 days 01:12:20.928236
ab998df4d024048983a08f5b0ef8f202,15,146,44,320,29,16,7.0,9.0,0.0,0.0,0.0,0.0,7.0,0.0,14.0,5.0,0.0,0.0,0.0,2824.0,45,250,29.0,207,43.0,6.0,0 days 00:11:41.696908
b5393db86f04cff048fbfad5342bf6d2,154,374,162,1664,36,26,2.0,12.0,0.0,4.0,11.0,0.0,2.0,0.0,28.0,4.0,0.0,0.0,0.0,12309.0,62,752,36.0,689,63.0,7.0,0 days 00:34:42.219230
bbe1e5cbf6a295ea505116e51e54826c,271,836,349,2368,148,66,4.0,22.0,10.0,2.0,18.0,0.0,5.0,0.0,84.0,15.0,0.0,5.0,9.0,3617.0,214,1670,148.0,1493,177.0,11.0,0 days 01:31:40.884381
c5d3e9cf5b5209fff8f2a41e8b2d41c7,1,0,1,13,5,11,0.0,0.0,0.0,0.0,0.0,0.0,0.0,0.0,0.0,0.0,0.0,0.0,0.0,424.0,16,18,5.0,18,0.0,0.0,0
c8aca66b7f628ee9972477622f89592c,211,682,340,1694,134,55,0.0,42.0,12.0,2.0,3.0,0.0,15.0,6.0,77.0,10.0,1.0,4.0,0.0,3805.0,189,1422,134.0,1250,172.0,10.0,0 days 01:10:44.644781
cbee50df44af40b3865afd033d2e2fd2,220,1001,330,2913,56,52,13.0,15.0,2.0,1.0,18.0,0.0,12.0,0.0,123.0,18.0,1.0,3.0,0.0,18685.0,108,1659,56.0,1453,206.0,10.0,0 days 01:49:01.312138
cdbfa9161999c800653297110253d07b,249,767,446,2207,106,46,2.0,38.0,0.0,0.0,2.0,0.0,12.0,0.0,110.0,2.0,0.0,0.0,0.0,28277.0,152,1614,106.0,1448,166.0,6.0,0 days 01:18:56.281128
d8a7f0e703428eb3c7fcfdc093dc4e61,124,416,245,1022,86,34,2.0,30.0,0.0,0.0,0.0,0.0,12.0,1.0,68.0,12.0,2.0,5.0,0.0,2476.0,120,905,86.0,773,132.0,8.0,0 days 00:34:18.503612
db04bd43a582bcefbe45a3fbe99c83e4,0,0,0,2,2,5,0.0,0.0,0.0,0.0,0.0,0.0,0.0,0.0,0.0,0.0,0.0,0.0,0.0,1.0,7,7,2.0,7,0.0,0.0,0
e28f3191bead10f3cef8f21cff2d19c9,68,321,145,473,31,25,0.0,9.0,0.0,0.0,6.0,0.0,15.0,0.0,58.0,1.0,0.0,0.0,0.0,18020.0,56,590,31.0,500,90.0,6.0,0 days 00:22:28.116081
ea04e6e76c69e6d96f084a5a54770688,105,320,209,958,83,37,0.0,5.0,0.0,0.0,0.0,0.0,4.0,0.0,34.0,1.0,0.0,0.0,0.0,1985.0,120,754,83.0,696,58.0,5.0,0 days 00:26:03.363223
ea45fca27cd732f025765bae5fbad81e,243,688,423,2182,114,56,5.0,13.0,12.0,0.0,5.0,0.0,10.0,0.0,48.0,8.0,0.0,0.0,0.0,8783.0,170,1524,114.0,1423,101.0,7.0,0 days 01:07:13.853485
ee18229e2fee5bc9e24cc34229389079,3,6,5,34,5,9,0.0,0.0,0.0,0.0,0.0,0.0,0.0,0.0,0.0,0.0,0.0,0.0,0.0,332.0,14,28,5.0,28,0.0,0.0,0 days 00:00:12.841031
f2f24051b519e7d15fd74ed33cdb6525,324,528,410,1479,41,33,2.0,14.0,6.0,0.0,2.0,0.0,11.0,0.0,79.0,4.0,1.0,0.0,0.0,4683.0,74,1336,41.0,1217,119.0,8.0,0 days 00:54:47.477229
f8497771742a7af3d98553098582bd34,205,725,377,1534,84,44,6.0,17.0,0.0,1.0,0.0,0.0,13.0,0.0,58.0,18.0,0.0,2.0,0.0,3912.0,128,1435,84.0,1309,126.0,8.0,0 days 00:56:39.001572
040813ab33e45cc57c5b3c2a3a5e5ff1,0,0,0,0,0,2,0.0,0.0,0.0,0.0,0.0,0.0,0.0,0.0,0.0,0.0,0.0,0.0,0.0,0.0,2,2,0.0,2,0.0,0.0,0
0b3a294979dcf78575cf31420b0b8472,190,218,259,948,85,26,0.0,6.0,7.0,1.0,0.0,0.0,2.0,0.0,21.0,5.0,0.0,0.0,0.0,8276.0,111,778,85.0,736,42.0,6.0,0 days 00:14:33.787142
0c8d0ef893b959645a22337ac64f4a4b,4,35,7,137,4,4,1.0,1.0,0.0,0.0,0.0,0.0,0.0,0.0,5.0,0.0,0.0,0.0,0.0,373.0,8,54,4.0,47,7.0,3.0,0 days 00:04:16.886387
0eba5c6f653c53f97868dd5471c75fec,433,1255,560,4643,147,59,11.0,35.0,7.0,0.0,4.0,0.0,15.0,0.0,136.0,13.0,0.0,2.0,0.0,29203.0,206,2454,147.0,2231,223.0,8.0,0 days 02:06:13.137008
17ac65262c741925139b8dfc7f1f62a2,491,944,776,3218,100,62,3.0,12.0,4.0,0.0,0.0,0.0,13.0,0.0,149.0,7.0,0.0,4.0,0.0,16765.0,162,2373,100.0,2181,192.0,7.0,0 days 01:17:03.223158
191ffacebb44617ca8aea3e6c037a174,797,1580,1047,7552,164,83,6.0,16.0,2.0,2.0,1.0,0.0,16.0,5.0,75.0,30.0,1.0,13.0,0.0,11929.0,247,3671,164.0,3504,167.0,11.0,0 days 02:32:56.337113
1d2c0e7352e53eb88c848782f26c92f0,38,108,77,363,16,15,1.0,2.0,10.0,0.0,0.0,0.0,0.0,0.0,7.0,1.0,0.0,0.0,0.0,8519.0,31,254,16.0,233,21.0,5.0,0 days 00:08:23.722841
1db6ebb525935f200caf47437ace60f8,100,907,169,1537,36,30,16.0,16.0,1.0,7.0,2.0,0.0,25.0,0.0,62.0,44.0,1.0,24.0,0.0,11522.0,66,1242,36.0,1043,199.0,11.0,0 days 01:46:16.812673
1eb5b71d6620d30f2768219e6ff0b654,0,7,0,15,2,2,0.0,0.0,0.0,0.0,0.0,0.0,0.0,0.0,2.0,0.0,0.0,0.0,0.0,45.0,4,11,2.0,9,2.0,1.0,0 days 00:01:28.979539
27f3a3f271f518b9c7da33cadad46b62,127,558,303,1358,81,32,0.0,25.0,0.0,2.0,0.0,0.0,10.0,0.0,150.0,7.0,0.0,1.0,0.0,1595.0,113,1101,81.0,901,200.0,7.0,0 days 00:55:41.974327
3182e0e980aee2da0dd8bc39cf3b59bb,481,1296,706,3726,77,44,1.0,39.0,26.0,0.0,13.0,0.0,18.0,0.0,133.0,22.0,6.0,2.0,5.0,8103.0,121,2604,77.0,2339,265.0,10.0,0 days 02:06:23.012523
322a862b781ff2646b133939b63a9749,159,339,233,1164,36,23,0.0,3.0,0.0,0.0,2.0,0.0,3.0,0.0,50.0,6.0,2.0,0.0,0.0,1878.0,59,790,36.0,724,66.0,6.0,0 days 00:34:52.177110
36ec508b9810ba3826cc8b28d311c0db,434,1237,496,3728,173,59,16.0,16.0,4.0,1.0,0.0,0.0,31.0,0.0,159.0,42.0,5.0,4.0,0.0,4885.0,232,2399,173.0,2121,278.0,9.0,0 days 02:13:16.360770
3e2eb97636481fc88a08eebda8a00eb5,261,536,314,1945,96,37,3.0,31.0,1.0,0.0,0.0,0.0,19.0,0.0,55.0,5.0,0.0,2.0,0.0,4723.0,133,1244,96.0,1128,116.0,7.0,0 days 00:41:13.191114
418ac27bd5c9fb20edd1e680005f4c92,13,41,49,281,15,12,0.0,4.0,0.0,0.0,1.0,0.0,1.0,0.0,6.0,0.0,0.0,0.0,0.0,7259.0,27,130,15.0,118,12.0,4.0,0 days 00:02:05.275498
45063773a71d0b796ce10ee5e20473ae,208,717,422,2652,75,52,9.0,5.0,0.0,1.0,7.0,0.0,13.0,0.0,77.0,21.0,0.0,0.0,0.0,6719.0,127,1474,75.0,1340,134.0,8.0,0 days 01:05:52.885897
4d40e87341d46284a12c9c71a11d7416,339,800,560,4347,101,55,2.0,13.0,2.0,5.0,4.0,0.0,9.0,0.0,92.0,4.0,1.0,0.0,0.0,5567.0,156,1855,101.0,1723,132.0,9.0,0 days 01:05:04.719448
50833fc4f0545d915ee06bed8670743e,12,31,25,73,4,3,0.0,0.0,0.0,0.0,0.0,0.0,1.0,0.0,0.0,0.0,0.0,0.0,0.0,604.0,7,75,4.0,74,1.0,1.0,0 days 00:02:15.855700
56b78bc935664e23f56f1874e13723b3,340,1799,487,6170,244,92,15.0,26.0,0.0,0.0,13.0,1.0,21.0,0.0,152.0,21.0,0.0,1.0,0.0,8947.0,336,2962,244.0,2710,252.0,9.0,0 days 03:23:02.422691
5b6ff8974f7849c3295a0e4b40f544ab,2,15,6,38,3,3,0.0,0.0,0.0,0.0,0.0,0.0,0.0,0.0,4.0,0.0,0.0,0.0,0.0,365.0,6,29,3.0,25,4.0,1.0,0 days 00:00:35.541190
61cb155c84d2053b9923d8bd4bbfa179,223,514,396,1895,93,58,1.0,12.0,0.0,1.0,1.0,0.0,6.0,0.0,50.0,7.0,1.0,0.0,0.0,5148.0,151,1284,93.0,1205,79.0,8.0,0 days 00:38:36.618906
62ab1edd552d20b15d58c814e8e17b70,150,376,192,1490,46,22,1.0,6.0,2.0,0.0,3.0,0.0,5.0,0.0,40.0,6.0,0.0,2.0,0.0,8142.0,68,786,46.0,721,65.0,8.0,0 days 00:37:31.707365
65c9cd55272ec4d9b0ef84414a2ebd1e,351,1041,498,4279,55,27,5.0,20.0,17.0,0.0,2.0,0.0,13.0,0.0,125.0,3.0,0.0,2.0,0.0,4300.0,82,1972,55.0,1785,187.0,8.0,0 days 01:47:21.522163
6aab705667e7d55117a2a16f34259edc,245,464,397,2059,49,28,6.0,1.0,6.0,0.0,9.0,0.0,4.0,0.0,30.0,10.0,0.0,1.0,0.0,5702.0,77,1183,49.0,1116,67.0,8.0,0 days 00:48:38.676967
6d6dab6dcbcb94e6d254fc0f14d5399c,217,587,374,1436,44,26,5.0,8.0,0.0,0.0,5.0,0.0,10.0,4.0,65.0,6.0,0.0,1.0,0.0,3200.0,70,1248,44.0,1144,104.0,8.0,0 days 00:55:55.798913
6fb626c4987ba6a4c496d8de3d09e6ae,240,431,305,1629,47,28,2.0,4.0,4.0,0.0,2.0,0.0,4.0,0.0,33.0,1.0,1.0,0.0,0.0,2537.0,75,1051,47.0,1000,51.0,8.0,0 days 00:45:18.485039
760b65941d80cdd3b709ec0a6f6bf517,31,54,50,223,22,9,0.0,0.0,0.0,0.0,0.0,0.0,2.0,0.0,5.0,0.0,0.0,0.0,0.0,14660.0,31,166,22.0,159,7.0,2.0,0 days 00:03:13.725272
7cc9a21915594af2e5aa8e019c7f52c9,13,58,28,120,16,16,4.0,0.0,0.0,0.0,0.0,0.0,4.0,0.0,5.0,0.0,0.0,0.0,0.0,1582.0,32,131,16.0,118,13.0,3.0,0 days 00:07:27.172176
8f2e822507d6694953346075a22d646a,249,760,451,1051,55,44,4.0,37.0,15.0,1.0,17.0,0.0,14.0,0.0,47.0,2.0,0.0,0.0,0.0,8824.0,99,1559,55.0,1417,142.0,9.0,0 days 01:19:46.138646
913b71f7afa2444625da8178ad672c65,4,41,20,90,11,12,0.0,1.0,0.0,0.0,0.0,0.0,0.0,0.0,13.0,0.0,0.0,0.0,0.0,1262.0,23,88,11.0,74,14.0,2.0,0 days 00:01:19.153098
9497ffba69c7888bce4e80e896a775c0,316,599,398,2717,59,37,9.0,5.0,9.0,0.0,0.0,0.0,8.0,0.0,52.0,6.0,2.0,1.0,1.0,4044.0,96,1409,59.0,1316,93.0,9.0,0 days 01:04:52.883856
9b827e2a3e91f1ae4321e0ce7d322928,0,0,0,0,0,7,0.0,0.0,0.0,0.0,0.0,0.0,0.0,0.0,0.0,0.0,0.0,0.0,0.0,0.0,7,7,0.0,7,0.0,0.0,0
9fed5a0822e7674f8ebd0fd47c0951da,788,1245,942,4041,93,51,12.0,13.0,9.0,4.0,1.0,0.0,12.0,0.0,97.0,22.0,0.0,2.0,0.0,10012.0,144,3119,93.0,2947,172.0,9.0,0 days 02:13:19.606141
a1c11b2ffa98234696ccdcbc0402e9ca,806,1442,609,2230,61,51,9.0,68.0,0.0,2.0,42.0,0.0,26.0,0.0,127.0,39.0,1.0,1.0,0.0,6511.0,112,2969,61.0,2642,327.0,10.0,0 days 02:42:01.086176
a210de37c0ce28ec510eb551ff949624,221,1231,304,6161,152,104,0.0,7.0,0.0,0.0,2.0,0.0,29.0,0.0,67.0,7.0,1.0,2.0,0.0,11453.0,256,2012,152.0,1897,115.0,7.0,0 days 01:55:09.779349
b32415d560264756eb66b64c21ed02cb,123,362,222,1157,46,30,4.0,9.0,0.0,0.0,0.0,0.0,11.0,0.0,45.0,1.0,0.0,0.0,0.0,4690.0,76,783,46.0,713,70.0,5.0,0 days 00:46:23.022565
b5adbc66d1876ab21840debe6b80e705,239,1044,264,3636,109,62,3.0,24.0,4.0,0.0,10.0,1.0,16.0,0.0,106.0,18.0,0.0,7.0,0.0,2423.0,171,1718,109.0,1529,189.0,9.0,0 days 01:45:11.639081
b67f08ea9b9e7e9911e15144f038bd3d,180,366,217,1646,36,25,2.0,2.0,6.0,0.0,0.0,0.0,6.0,0.0,25.0,7.0,0.0,1.0,0.0,8280.0,61,824,36.0,775,49.0,7.0,0 days 00:34:25.421388
c888bd92ba873055951e8e75b4471e1e,162,352,228,1526,27,24,0.0,4.0,0.0,0.0,1.0,0.0,5.0,0.0,14.0,3.0,0.0,3.0,0.0,20976.0,51,793,27.0,759,34.0,7.0,0 days 00:32:27.832951
caf96adedea36a1e9a3143b55f71beed,401,862,535,4030,104,90,0.0,12.0,4.0,0.0,0.0,0.0,19.0,0.0,83.0,20.0,2.0,0.0,0.0,4650.0,194,1992,104.0,1852,140.0,6.0,0 days 01:18:39.312847
cfeb5998b239537c79a8afb36c7d07e4,4,25,7,71,2,4,0.0,0.0,0.0,0.0,0.0,0.0,1.0,0.0,1.0,0.0,0.0,0.0,0.0,1678.0,6,42,2.0,40,2.0,2.0,0 days 00:02:03.543206
d2153decace6b76122abb0d2b616b2e2,123,563,212,1594,66,24,0.0,11.0,0.0,0.0,0.0,0.0,9.0,0.0,69.0,2.0,0.0,0.0,0.0,1561.0,90,988,66.0,897,91.0,4.0,0 days 01:01:11.749608
d5d627848d3d514c6b534dbf242f20b7,173,759,350,1878,66,48,2.0,16.0,3.0,0.0,3.0,0.0,11.0,0.0,112.0,3.0,1.0,0.0,0.0,10914.0,114,1396,66.0,1243,153.0,9.0,0 days 00:59:08.545968
d92ecb75fcde4dbf20a318b41087c53e,296,558,427,2765,99,49,3.0,28.0,4.0,0.0,3.0,0.0,12.0,0.0,70.0,4.0,1.0,3.0,0.0,4797.0,148,1429,99.0,1301,128.0,9.0,0 days 00:44:22.753023
dd699e1f9eea0f1b1297b73edf0f67e8,145,308,247,1190,45,43,0.0,12.0,0.0,0.0,0.0,0.0,11.0,0.0,31.0,0.0,0.0,0.0,0.0,17641.0,88,788,45.0,734,54.0,3.0,0 days 00:23:35.157908
e31e19295ace911ea20e9fd00d4eee56,7,20,18,69,4,6,0.0,1.0,0.0,0.0,0.0,0.0,0.0,0.0,0.0,0.0,0.0,0.0,0.0,537.0,10,55,4.0,53,2.0,2.0,0 days 00:02:26.056431
eb7d20d695faea16715582115aad0c37,188,549,270,2593,106,48,1.0,2.0,2.0,0.0,1.0,0.0,13.0,0.0,58.0,18.0,0.0,4.0,0.0,5643.0,154,1161,106.0,1062,99.0,8.0,0 days 00:33:24.148946
ecc256bbe6aca0d38037e1bd63b00c53,484,855,691,3849,195,66,7.0,19.0,3.0,1.0,0.0,0.0,18.0,0.0,88.0,13.0,5.0,2.0,0.0,6152.0,261,2291,195.0,2135,156.0,9.0,0 days 01:13:14.600757
0b6c3afa086c5e03a24665aa75a7a0f5,496,913,791,4478,230,83,4.0,17.0,5.0,0.0,0.0,0.0,13.0,0.0,60.0,12.0,2.0,0.0,0.0,2648.0,313,2513,230.0,2400,113.0,7.0,0 days 01:22:20.655933
1635c1bba7b734d85d12d005e5ef67a9,26,89,57,339,22,19,0.0,15.0,0.0,0.0,0.0,0.0,0.0,0.0,36.0,0.0,0.0,0.0,0.0,1339.0,41,213,22.0,162,51.0,2.0,0 days 00:09:12.195673
1a0c76d043eeff7842f46b9583570a50,278,668,473,1910,107,78,5.0,52.0,0.0,0.0,10.0,0.0,8.0,0.0,130.0,4.0,0.0,2.0,0.0,2742.0,185,1604,107.0,1376,228.0,8.0,0 days 01:11:00.642492
1e342325849367478c72fcded1149c65,30,165,77,731,62,25,0.0,3.0,0.0,0.0,0.0,0.0,5.0,0.0,45.0,0.0,0.0,1.0,0.0,3375.0,87,359,62.0,305,54.0,4.0,0 days 00:15:04.023017
2aebc6de3f2abaa9253dfc7810b773d4,47,218,130,514,34,22,0.0,1.0,0.0,0.0,5.0,0.0,7.0,0.0,27.0,0.0,1.0,0.0,0.0,1673.0,56,451,34.0,410,41.0,5.0,0 days 00:20:45.679043
2efc0a548e80acbcaf2cfb9804e2faa3,856,1774,1140,6800,378,142,0.0,30.0,10.0,3.0,3.0,0.0,30.0,0.0,110.0,24.0,6.0,2.0,0.0,6174.0,520,4290,378.0,4072,218.0,9.0,0 days 02:53:24.713297
34c778c98ed41d6cd2a37c5145033c4a,665,1354,1053,4883,175,72,6.0,19.0,5.0,1.0,0.0,0.0,32.0,2.0,124.0,40.0,0.0,3.0,0.0,4744.0,247,3319,175.0,3087,232.0,9.0,0 days 02:31:50.359789
399f141b63f3243b2064b321ed2b6e6b,149,344,262,2587,128,39,1.0,5.0,0.0,0.0,0.0,0.0,9.0,0.0,70.0,2.0,0.0,0.0,0.0,3156.0,167,922,128.0,835,87.0,5.0,0 days 00:27:26.515982
447479f2c66040046a9b32ccfbaae127,195,675,296,2347,151,63,6.0,20.0,5.0,3.0,0.0,0.0,10.0,0.0,69.0,4.0,6.0,0.0,0.0,5085.0,214,1380,151.0,1257,123.0,8.0,0 days 00:56:22.396833
4f25425fdbeff3e6ce39ffa4d4a3cb0b,17,115,33,727,48,25,0.0,2.0,0.0,0.0,0.0,0.0,7.0,0.0,35.0,0.0,0.0,0.0,0.0,1212.0,73,238,48.0,194,44.0,3.0,0 days 00:12:24.034008
4f7edf8af873ccef5e94647cdafcfc1a,555,1485,916,3919,124,65,9.0,48.0,0.0,2.0,1.0,1.0,47.0,1.0,122.0,16.0,14.0,4.0,0.0,3896.0,189,3145,124.0,2875,270.0,12.0,0 days 02:34:53.876030
5594425402daa5d17ba4a9043c1d8ff6,3,44,26,175,15,14,0.0,0.0,0.0,0.0,0.0,0.0,1.0,0.0,20.0,0.0,0.0,0.0,0.0,1226.0,29,102,15.0,81,21.0,2.0,0 days 00:04:57.563689
596b466b63d92244aee713b6525cb072,214,675,381,2498,86,38,1.0,11.0,0.0,1.0,1.0,0.0,8.0,0.0,75.0,9.0,0.0,0.0,0.0,3432.0,124,1394,86.0,1287,107.0,8.0,0 days 01:02:03.937575
59e6368a8342e3611348ed0e93ceddb1,171,503,346,1463,58,44,0.0,13.0,0.0,0.0,0.0,0.0,16.0,0.0,111.0,13.0,0.0,3.0,0.0,11289.0,102,1122,58.0,966,156.0,5.0,0 days 00:47:49.523192
6d4b7a6f7c4c3aa2fe1efed5888e729b,628,1706,1104,5760,329,118,3.0,64.0,2.0,0.0,20.0,0.0,40.0,0.0,263.0,36.0,3.0,5.0,2.0,2885.0,447,3885,329.0,3445,440.0,11.0,0 days 02:59:23.571572
843ac46f8cd7da73c4ae48b2deb4a729,306,697,445,2600,78,31,3.0,36.0,0.0,0.0,0.0,0.0,19.0,0.0,84.0,20.0,1.0,5.0,0.0,5152.0,109,1557,78.0,1369,188.0,8.0,0 days 01:05:37.961590
85345ead7b6db97b141cbdee0b846230,465,1561,674,5828,239,114,4.0,7.0,8.0,0.0,3.0,0.0,18.0,1.0,105.0,20.0,0.0,4.0,0.0,5802.0,353,3053,239.0,2883,170.0,9.0,0 days 02:39:17.511960
8eaa803c0b87790ec4290bcd41e5b037,720,1241,1123,5033,144,70,20.0,31.0,2.0,4.0,1.0,0.0,30.0,0.0,126.0,24.0,0.0,0.0,0.0,11594.0,214,3298,144.0,3048,250.0,9.0,0 days 02:10:45.969861
90a865c2953dc448bf959a5eb8a291ee,450,683,674,2574,95,68,7.0,14.0,3.0,1.0,12.0,0.0,24.0,0.0,58.0,13.0,17.0,5.0,0.0,6581.0,163,1970,95.0,1816,154.0,10.0,0 days 01:00:45.705839
91af6d98e1e08516ff7a91ac197e1d9b,503,899,707,3113,102,49,1.0,58.0,4.0,0.0,0.0,0.0,11.0,1.0,113.0,22.0,0.0,0.0,0.0,3410.0,151,2260,102.0,2047,213.0,8.0,0 days 01:28:28.959054
98a5d49319bd9712aa26ec593341f2ef,8,36,25,121,7,11,0.0,3.0,0.0,0.0,0.0,0.0,2.0,0.0,5.0,0.0,0.0,0.0,0.0,3752.0,18,87,7.0,76,11.0,4.0,0 days 00:02:02.207302
998d6f7b512c27d4f5c35dbb5922ba44,951,950,1204,4198,202,81,1.0,19.0,3.0,0.0,0.0,0.0,23.0,0.0,41.0,25.0,3.0,0.0,0.0,5666.0,283,3388,202.0,3270,118.0,9.0,0 days 01:14:36.032608
99b5057fa31682ed3b10f24d25b4e8ae,134,647,187,1725,56,51,4.0,51.0,0.0,3.0,0.0,0.0,7.0,0.0,108.0,13.0,0.0,1.0,0.0,6977.0,107,1075,56.0,884,191.0,8.0,0 days 01:10:40.774373
a41c1eab3d8463a7cb6ea0eb7d813e30,305,660,316,2631,86,46,6.0,13.0,20.0,1.0,0.0,0.0,11.0,0.0,52.0,6.0,2.0,1.0,0.0,2591.0,132,1413,86.0,1301,112.0,9.0,0 days 01:10:35.237908
b71ebce969cf57f578182caf633b6a30,62,183,166,706,52,30,0.0,1.0,0.0,0.0,0.0,0.0,5.0,0.0,33.0,0.0,0.0,0.0,0.0,4428.0,82,493,52.0,454,39.0,3.0,0 days 00:23:11.855008
bc482f9d2bff061e21937607585d9f9b,421,839,549,2661,157,51,2.0,51.0,3.0,0.0,0.0,0.0,19.0,0.0,123.0,32.0,9.0,26.0,8.0,5306.0,208,2017,157.0,1725,292.0,10.0,0 days 01:27:22.521555
c0da6852b9ea51985a0cf3703d39c52d,47,72,60,245,32,23,0.0,6.0,0.0,0.0,0.0,0.0,2.0,0.0,13.0,0.0,0.0,0.0,0.0,4028.0,55,234,32.0,213,21.0,3.0,0 days 00:07:04.113280
c722908a43fd51130854a1b6b5e91733,319,751,563,2859,174,58,9.0,13.0,2.0,2.0,0.0,0.0,16.0,0.0,176.0,12.0,0.0,1.0,0.0,4229.0,232,1865,174.0,1634,231.0,8.0,0 days 01:10:53.242910
cada78ef18cca6cc39d55679d9da5d42,0,8,9,23,7,5,0.0,0.0,0.0,0.0,0.0,0.0,0.0,0.0,5.0,0.0,0.0,0.0,0.0,1000.0,12,29,7.0,24,5.0,1.0,0
cc09077d3937c6323346613696ed05c9,55,259,128,680,48,28,3.0,10.0,0.0,1.0,0.0,0.0,3.0,0.0,23.0,1.0,0.0,0.0,0.0,6155.0,76,518,48.0,475,43.0,7.0,0 days 00:22:22.409089
cd8d1190d4e2e17f65c0c7a506f4dd4f,146,859,258,2182,117,45,4.0,33.0,0.0,0.0,5.0,0.0,21.0,0.0,70.0,10.0,0.0,0.0,0.0,15533.0,162,1425,117.0,1282,143.0,6.0,0 days 01:38:29.718862
d88e44d3d77734a236a21543fc9d37de,81,253,96,603,32,22,0.0,6.0,0.0,0.0,5.0,0.0,1.0,0.0,41.0,1.0,0.0,0.0,0.0,2487.0,54,484,32.0,430,54.0,5.0,0 days 00:23:18.799304
da03bef31ab2dca5b97f8d240ccb4a61,241,521,250,2957,72,46,4.0,13.0,2.0,0.0,0.0,0.0,5.0,0.0,79.0,2.0,0.0,1.0,0.0,2328.0,118,1130,72.0,1024,106.0,7.0,0 days 00:48:33.951278
ea71f8352e9f56669d45fbc8785b3c52,49,106,88,322,13,13,0.0,4.0,0.0,0.0,0.0,0.0,0.0,0.0,25.0,0.0,2.0,0.0,0.0,1465.0,26,269,13.0,238,31.0,3.0,0 days 00:09:25.228289
f1d1a0d80dfa3b5309b015bb59ae6c84,428,1085,664,2265,157,116,9.0,28.0,8.0,0.0,0.0,0.0,18.0,0.0,112.0,14.0,1.0,3.0,26.0,3407.0,273,2450,157.0,2225,225.0,10.0,0 days 01:42:38.446929
07376c0e999c285d498c430418059de0,1026,1246,1319,5553,476,70,7.0,29.0,1.0,0.0,7.0,0.0,27.0,0.0,165.0,9.0,0.0,2.0,1.0,3440.0,546,4137,476.0,3889,248.0,9.0,0 days 02:06:14.567870
0ddd40d6312d4bdc3589bea15c47afa9,521,783,645,3916,284,48,5.0,12.0,0.0,2.0,0.0,0.0,13.0,0.0,66.0,9.0,4.0,3.0,0.0,2852.0,332,2281,284.0,2167,114.0,8.0,0 days 01:22:11.161359
12b9eba1adfb80bb4900d0f664d64729,285,817,297,3433,321,63,4.0,15.0,3.0,2.0,0.0,0.0,19.0,0.0,112.0,18.0,1.0,0.0,0.0,2676.0,384,1783,321.0,1609,174.0,8.0,0 days 01:33:06.140661
14b40d138fb0d1e6d76b43d55611401a,945,2518,1424,10303,878,186,5.0,70.0,12.0,0.0,6.0,0.0,43.0,0.0,237.0,16.0,4.0,0.0,0.0,6461.0,1064,5951,878.0,5558,393.0,8.0,0 days 04:00:27.261323
19ecb8185a0cef5d3d87a5d5d89fb1d1,231,377,319,1843,145,31,1.0,0.0,0.0,0.0,2.0,0.0,6.0,0.0,19.0,9.0,0.0,0.0,0.0,2662.0,176,1103,145.0,1066,37.0,5.0,0 days 00:40:33.120108
213537eee9b97f1b39970a8d5cdce00c,440,1221,606,4651,363,55,6.0,32.0,10.0,0.0,0.0,0.0,15.0,0.0,134.0,12.0,0.0,2.0,0.0,1601.0,418,2685,363.0,2474,211.0,7.0,0 days 02:12:56.297396
21b5ad58ee31f6e6e5fc4ee9fbab05a7,13,37,120,283,128,54,0.0,0.0,0.0,0.0,0.0,0.0,0.0,0.0,3.0,0.0,0.0,0.0,0.0,756.0,182,352,128.0,349,3.0,1.0,0 days 00:04:12.044078
2360852fcfec3ce90c573151f24adfd1,662,1202,931,4610,375,70,4.0,13.0,4.0,1.0,2.0,0.0,14.0,0.0,118.0,13.0,1.0,1.0,0.0,3827.0,445,3240,375.0,3069,171.0,10.0,0 days 02:09:31.976117
26a7d7505f05ed71817e2afec0b8d957,363,665,514,2329,179,38,0.0,6.0,0.0,1.0,0.0,0.0,2.0,0.0,81.0,0.0,3.0,1.0,0.0,6185.0,217,1759,179.0,1665,94.0,6.0,0 days 01:12:21.919437
2984b3dc3fbbdcd35ebe764dc30ca331,369,1318,254,4218,457,77,2.0,4.0,2.0,5.0,3.0,0.0,40.0,0.0,171.0,18.0,3.0,9.0,0.0,5391.0,534,2475,457.0,2218,257.0,10.0,0 days 02:22:58.649782
2c7048946097aef5bc1b96cc53585489,777,1274,951,4557,379,65,5.0,13.0,6.0,0.0,0.0,0.0,20.0,3.0,86.0,24.0,2.0,0.0,0.0,5582.0,444,3446,379.0,3287,159.0,8.0,0 days 02:13:21.239362
2ce542d10444443251e44a3a6dec6eb4,691,1214,819,5472,487,105,3.0,16.0,1.0,0.0,2.0,0.0,15.0,0.0,145.0,12.0,0.0,1.0,0.0,4615.0,592,3316,487.0,3121,195.0,8.0,0 days 02:09:58.096582
33387545d6a3c0ee607abff19b75abc7,378,492,520,2263,137,25,0.0,0.0,0.0,2.0,0.0,0.0,1.0,0.0,31.0,1.0,7.0,0.0,0.0,2822.0,162,1552,137.0,1510,42.0,5.0,0 days 00:52:30.446040
334ae80553d0d9888c59436a747e6435,601,1078,834,3848,263,39,3.0,16.0,2.0,3.0,0.0,0.0,9.0,0.0,83.0,20.0,2.0,0.0,0.0,4455.0,302,2815,263.0,2674,141.0,9.0,0 days 01:46:57.802163
3e018e2078fe88dfd6c8c52bf425cfc3,713,1428,927,6715,417,83,9.0,18.0,3.0,0.0,1.0,0.0,22.0,0.0,113.0,18.0,0.0,5.0,0.0,3845.0,500,3568,417.0,3379,189.0,8.0,0 days 02:07:39.074090
41364796890f9cffd068307dbdff9559,1337,3337,1677,9806,571,169,9.0,61.0,44.0,5.0,7.0,0.0,64.0,5.0,373.0,39.0,2.0,8.0,0.0,7147.0,740,7091,571.0,6474,617.0,11.0,0 days 06:08:05.011977
4524e704e7373c5dfc78a24d105a70c8,0,0,0,0,0,2,0.0,0.0,0.0,0.0,0.0,0.0,0.0,0.0,0.0,0.0,0.0,0.0,0.0,0.0,2,2,0.0,2,0.0,0.0,0
4ddf5f5db7e19cc17b603ce8e8ff351f,170,653,302,2781,184,37,0.0,19.0,0.0,0.0,0.0,0.0,7.0,0.0,51.0,2.0,0.0,1.0,0.0,1415.0,221,1346,184.0,1265,81.0,6.0,0 days 01:00:30.973529
5747bb8136dcd0aa25e8f7763827db11,1364,1122,1608,6563,1190,145,5.0,10.0,13.0,2.0,0.0,0.0,29.0,0.0,66.0,11.0,9.0,0.0,0.0,5373.0,1335,5429,1190.0,5284,145.0,8.0,0 days 01:55:33.769192
59c47412160b9f60a91c8ab957834434,785,2240,1392,6512,456,84,7.0,37.0,36.0,1.0,6.0,0.0,33.0,2.0,178.0,37.0,5.0,11.0,0.0,7950.0,540,4957,456.0,4604,353.0,11.0,0 days 04:17:17.278274
633b46db3cea2ec83b4b196dcf9f7e76,960,1184,1144,4447,428,89,5.0,10.0,11.0,0.0,0.0,0.0,12.0,0.0,80.0,17.0,0.0,3.0,3.0,7542.0,517,3805,428.0,3664,141.0,8.0,0 days 02:03:19.579227
6673ff23881e8c0ef5aae29ed547d83d,366,734,504,2652,240,44,1.0,4.0,0.0,1.0,10.0,0.0,29.0,0.0,106.0,6.0,0.0,0.0,0.0,6544.0,284,1888,240.0,1731,157.0,7.0,0 days 01:08:31.648415
681a2ee5f3fe039c1d403fccb58a3a67,235,809,344,3333,230,87,6.0,4.0,0.0,4.0,0.0,0.0,19.0,0.0,86.0,9.0,0.0,0.0,0.0,2526.0,317,1705,230.0,1577,128.0,6.0,0 days 01:26:44.656170
6c7ea17b19edee01e39075dfbd783085,1247,747,1725,4422,343,75,6.0,24.0,0.0,4.0,0.0,0.0,13.0,0.0,102.0,8.0,4.0,2.0,0.0,6317.0,418,4137,343.0,3974,163.0,8.0,0 days 01:06:22.982922
6eaf54527df79db49356a26daba98656,344,1141,508,4402,322,59,3.0,4.0,19.0,1.0,15.0,0.0,19.0,0.0,70.0,16.0,2.0,2.0,0.0,3280.0,381,2374,322.0,2223,151.0,10.0,0 days 01:41:05.201581
71b53ea50ec02d28fc08843ead3717a0,529,1137,730,3772,382,47,2.0,21.0,7.0,0.0,0.0,0.0,17.0,0.0,131.0,10.0,1.0,4.0,0.0,4429.0,429,2825,382.0,2632,193.0,8.0,0 days 02:00:37.852319
89eba477e70f516a1c5ff979282d75ca,169,388,412,1335,108,19,1.0,5.0,0.0,0.0,4.0,0.0,1.0,0.0,39.0,4.0,1.0,0.0,0.0,479.0,127,1096,108.0,1041,55.0,7.0,0 days 00:40:34.391826
94a2b55405ffb84d8d1d0cb8c54c1e5b,884,1479,1373,5098,521,85,10.0,22.0,3.0,0.0,13.0,0.0,16.0,0.0,107.0,4.0,1.0,4.0,0.0,4427.0,606,4342,521.0,4162,180.0,9.0,0 days 03:04:50.971178
99f3080b05fd0a103b83e9c6bf3ee9a9,663,1126,1051,4129,291,80,7.0,14.0,12.0,2.0,2.0,0.0,6.0,0.0,98.0,11.0,3.0,10.0,0.0,2643.0,371,3211,291.0,3046,165.0,10.0,0 days 01:53:16.306669
a1b7e8f509e4764f2240c56cf5855e68,219,677,186,3185,164,44,4.0,6.0,22.0,0.0,3.0,1.0,10.0,0.0,42.0,16.0,1.0,3.0,0.0,2869.0,208,1290,164.0,1182,108.0,10.0,0 days 00:59:44.587822
a6458da9625c6ae288440bc3868952f4,438,2182,660,5247,847,81,6.0,26.0,3.0,0.0,0.0,0.0,11.0,1.0,182.0,21.0,8.0,0.0,0.0,5122.0,928,4208,847.0,3950,258.0,8.0,0 days 04:32:36.711062
aaf5852b0146d3dcfb03c52ec0ef48e4,394,804,398,3549,279,68,5.0,4.0,0.0,0.0,0.0,0.0,10.0,0.0,68.0,2.0,0.0,0.0,0.0,9463.0,347,1943,279.0,1854,89.0,5.0,0 days 00:58:13.036554
be5a4adf3d6c9c52ecbdb00f9ee10ba6,10,53,9,270,16,4,0.0,1.0,1.0,0.0,0.0,0.0,1.0,0.0,8.0,1.0,0.0,0.0,0.0,412.0,20,92,16.0,80,12.0,5.0,0 days 00:05:00.861276
bed61885e3d7ca38dec377de7cae5683,469,696,567,4398,634,106,0.0,5.0,4.0,0.0,1.0,0.0,10.0,0.0,56.0,2.0,1.0,3.0,1.0,4365.0,740,2472,634.0,2389,83.0,9.0,0 days 00:47:41.405489
c0296da2531bd101d1c7a597bfbe3055,284,623,282,2570,206,54,2.0,7.0,4.0,8.0,3.0,1.0,5.0,0.0,37.0,6.0,0.0,1.0,1.0,4027.0,260,1449,206.0,1374,75.0,11.0,0 days 01:05:08.123134
c145b6354ca0fccea7eff4ba7fe131a6,263,816,361,3183,160,45,5.0,4.0,3.0,0.0,2.0,0.0,17.0,0.0,84.0,7.0,0.0,1.0,0.0,2487.0,205,1645,160.0,1522,123.0,8.0,0 days 01:33:46.969166
c1c28a94ac4fa24b91c537a648a89d51,241,474,391,2287,123,35,1.0,15.0,1.0,0.0,5.0,0.0,4.0,0.0,70.0,4.0,0.0,0.0,0.0,2484.0,158,1264,123.0,1164,100.0,7.0,0 days 00:53:27.229152
c73d2b1832ee16136b6f3cfe2a596416,678,1859,1244,4187,341,42,4.0,40.0,2.0,0.0,0.0,0.0,8.0,0.0,118.0,26.0,2.0,0.0,0.0,3144.0,383,4164,341.0,3964,200.0,7.0,0 days 03:24:17.909888
d391820addb3fcad29eaccb3774f81b9,569,1140,673,4019,272,55,7.0,7.0,0.0,0.0,5.0,0.0,13.0,0.0,139.0,21.0,0.0,3.0,0.0,2801.0,327,2709,272.0,2514,195.0,7.0,0 days 01:47:16.838474
f0a81ae38b4e5374cba10b03d7e6b7aa,391,1190,452,5284,469,83,5.0,12.0,6.0,0.0,0.0,0.0,8.0,0.0,55.0,15.0,0.0,2.0,0.0,7677.0,552,2585,469.0,2482,103.0,7.0,0 days 02:12:24.124155
ff352cc412dda02baf83e6c095f81622,394,1270,520,4938,329,118,2.0,22.0,4.0,1.0,4.0,0.0,12.0,0.0,171.0,5.0,0.0,11.0,0.0,3934.0,447,2631,329.0,2399,232.0,9.0,0 days 02:07:27.617555
