userid,s_1,s_2,s_3,s_4,s_5,s_6,s_7,s_8,s_9,s_10,s_11,s_12,s_13,s_14,s_15,s_16,s_17,s_18,s_19,s_20,s_21,s_22,s_23,s_24,s_25,s_26,s_27,s_28,s_29,s_30,s_31,s_32,s_33,s_34,s_35,s_36,s_37,s_38,s_39,s_40,s_41,s_42,s_43,s_44,s_45,s_46,s_47,s_48
b1dfc5c6ec04d46d1823c5fa972ad320,5,5,5,5,1,1,5,1,5,5,5,5,4,5,5,5,5,5,5,1,1,3,5,5,1,5,1,5,5,5,5,5,5,5,5,5,4,5,5,1,1,5,5,5,1,1,1,5
4e3519d7eafbfccdae231756fcf2ce9c,3,3,3,3,3,3,3,3,3,3,3,3,3,3,3,3,3,3,3,3,3,3,3,3,2,3,3,3,3,3,3,3,3,3,3,3,4,4,4,4,3,4,4,4,3,3,4,3
0cebfa477ed3e2e0c5a3f9aa96c23698,5,5,5,4,5,5,5,5,5,5,4,4,5,5,5,5,5,5,5,5,5,3,4,5,5,5,5,4,5,5,5,5,5,5,5,5,4,4,5,5,4,5,5,4,3,5,5,4
379bbc4c2c728db0a249e8c4e6b621af,3,3,3,3,3,3,5,3,5,5,5,5,5,5,5,5,5,5,5,5,5,5,5,5,5,5,3,2,5,5,5,5,5,5,5,5,5,3,5,1,4,5,5,5,5,5,5,5
a92f1708363527a34d93b0bc7840262c,3,4,3,3,2,2,4,4,3,3,3,4,4,4,3,4,4,4,4,3,3,4,4,4,3,4,4,4,4,3,4,4,4,4,4,4,4,4,4,3,3,3,4,3,2,3,2,3
a5841e53cf792922ad8a7c033329f09c,4,4,3,4,4,3,4,3,3,2,3,3,4,3,4,3,4,4,4,2,3,4,4,3,2,4,4,3,4,4,4,4,4,3,4,4,4,4,4,2,1,4,4,3,2,2,4,4
3d606cd38291c1e5941bc1c37f84f216,3,3,3,3,3,3,3,3,3,3,3,3,3,3,3,3,3,3,3,3,3,3,3,3,3,3,3,3,3,3,3,3,3,3,3,3,3,3,3,3,3,3,3,3,3,3,3,3
87959ef435c61f280e3402229c796940,5,3,3,5,4,5,5,2,5,4,5,5,5,5,5,4,5,5,5,5,5,5,5,4,4,5,3,5,5,5,5,5,5,4,5,5,4,4,5,2,1,5,4,4,3,5,5,5
fbc64c2a6c18eb693cb24d8081e034df,1,1,2,3,4,5,5,4,2,5,4,2,4,5,1,4,2,3,4,3,2,4,1,1,1,1,1,1,1,1,1,1,1,1,1,1,1,1,1,1,1,1,1,1,1,1,1,1
e5d4b572258708faa5eb1c382eaba86c,2,4,2,2,4,2,2,2,3,2,2,2,5,2,2,2,4,4,4,2,2,4,2,2,2,2,2,4,4,2,4,2,5,4,2,4,4,2,4,4,1,1,2,2,1,1,1,1
a0dce576762dccbadb3476bad1732c82,3,3,3,3,3,2,3,4,4,2,3,4,3,3,3,4,4,4,3,3,4,4,3,3,1,3,3,2,3,3,4,3,3,3,3,4,4,4,4,4,2,3,4,4,3,2,2,2
1361825bdeb54e5153e74389df8a2a10,2,3,2,2,3,1,4,4,4,2,3,2,3,2,2,2,3,3,3,3,3,3,3,3,2,3,3,3,3,3,3,3,3,3,3,3,3,3,3,2,1,3,3,3,1,3,1,1
b64ce7758b9f7e58f1ad8bbcf7811e7d,4,4,2,2,3,2,5,5,4,1,2,2,2,5,3,3,1,4,3,1,5,5,3,4,2,1,2,4,5,4,4,5,5,3,3,4,5,5,5,5,2,4,5,5,1,1,1,3
481c56986ebae62c870b0da9bbafc5c6,4,5,2,5,4,4,3,2,3,3,3,4,1,2,2,4,5,5,5,5,5,5,5,5,3,4,3,3,3,3,3,4,4,4,4,4,4,3,3,3,3,3,2,4,2,2,3,5
c07f5585e0746dbf1021e0534565fc94,4,4,3,5,2,3,4,3,5,4,4,5,4,4,4,4,5,4,4,3,3,4,4,4,4,4,5,4,4,4,5,4,3,4,4,3,3,2,4,2,2,2,4,4,3,5,3,5
2979bd5d5a584c2aa70f4a434412bc2b,4,3,2,3,4,2,4,2,3,2,4,4,2,4,5,3,5,5,5,3,3,5,3,5,1,2,2,4,5,2,5,5,5,5,5,5,4,5,5,3,3,5,5,5,3,1,3,3
f5fd1f70d1747238d53ec5ef722d68d7,3,2,3,3,4,2,3,4,4,3,3,2,4,3,3,3,4,4,4,3,4,3,4,2,2,3,4,3,4,3,3,3,4,3,3,3,2,3,4,4,2,2,4,4,2,2,2,2
d60df871c935791074fe3fc9c919b1e4,4,5,3,2,4,4,4,5,4,4,4,2,3,4,4,3,5,5,3,2,4,4,2,4,3,3,2,3,3,3,4,4,4,4,4,4,3,3,4,2,2,4,4,4,2,5,3,3
a6a0726e8604766b4636749d9203842b,5,4,3,4,2,3,4,4,4,2,1,3,1,3,2,3,4,4,3,2,3,3,3,4,2,1,2,3,3,2,4,4,5,4,4,4,4,4,4,2,1,2,4,5,2,2,2,3
43f0e2e3fc7691c51613758e2b65928e,3,3,4,3,4,2,5,5,5,2,2,3,4,3,2,2,3,3,4,1,3,2,3,4,2,2,2,4,4,2,4,3,4,3,2,3,3,4,4,3,3,3,5,5,1,1,1,1
deab088838618d0f80db74ae4a277269,4,4,4,4,4,4,4,4,3,3,3,3,3,3,3,3,3,3,3,3,3,3,3,3,3,3,3,3,3,3,3,3,3,3,3,3,3,3,3,3,3,3,3,3,3,3,3,3
bebc49073c8a5def929612def946c281,5,5,4,4,2,2,3,2,3,2,2,3,5,5,2,4,5,4,5,2,5,5,5,4,4,3,5,2,4,5,5,3,2,5,4,4,4,4,4,2,3,4,2,3,2,5,5,5
4c2a6bec22f436e1b14bbefa24443b4d,4,4,2,2,4,3,3,4,3,2,2,4,4,3,2,3,4,4,4,2,2,4,4,3,3,3,2,3,3,4,4,3,3,2,4,3,4,3,5,3,2,5,4,3,1,1,1,1
bd47306d1ab10377783e37d4d363e482,4,4,3,3,3,4,4,3,4,3,4,4,3,4,3,4,4,4,4,2,3,3,4,4,2,3,2,4,4,4,4,4,4,4,4,4,3,3,3,3,1,2,3,3,2,3,1,3
92c1e87578f7b00e26df9d0ad21c63da,3,4,1,1,3,1,4,2,4,1,1,2,1,2,1,3,4,3,3,2,1,4,4,4,2,2,1,3,4,3,4,4,3,2,2,3,2,3,4,3,1,5,3,4,1,2,1,2
ef42bcd3300605e66dc7f8c01f773dec,4,4,4,3,3,3,3,2,3,2,2,3,1,2,4,3,3,4,4,2,2,4,5,4,1,1,1,4,4,4,5,3,4,3,3,3,4,4,5,2,1,5,5,4,1,1,1,1
27c8f93d752f0222aa211e0691cebee4,3,4,3,4,4,3,5,5,4,3,3,3,3,4,3,5,5,4,5,4,3,4,5,3,4,3,4,4,5,5,5,5,5,4,5,4,3,5,5,4,3,5,5,5,3,2,2,3
4f9f1b81a07e3a192853ab1099a68fca,3,3,4,3,4,4,5,4,5,1,1,3,1,2,4,1,4,2,4,2,2,4,4,4,1,1,1,2,3,1,4,2,2,3,3,3,3,4,3,3,2,4,3,5,3,1,1,1
c054e8c731029ce6d73c784213513b09,1,5,1,4,1,1,1,3,1,1,1,1,1,1,1,3,3,4,5,1,2,5,2,1,1,1,1,1,3,1,5,5,1,2,2,4,3,4,3,4,1,3,1,3,1,1,1,1
c3b33b73130d1e4649f10117f7508195,3,4,2,2,2,1,3,1,3,1,2,4,1,3,2,2,4,3,2,2,3,2,3,2,3,1,2,3,4,4,4,3,4,3,2,3,5,4,4,4,1,1,5,4,1,1,1,3
0a715a568a054d7996fcbcbf17b36551,4,4,2,4,4,2,4,2,5,3,3,2,4,5,5,5,5,4,4,4,4,5,5,4,4,4,4,5,4,4,4,4,4,4,4,4,1,2,2,2,2,2,5,5,5,4,4,4
a23402a174a55c4211136df4425a724e,3,4,2,4,3,4,4,4,4,3,2,4,5,4,3,4,4,4,4,3,4,4,4,3,2,2,2,3,5,3,5,4,5,4,4,4,3,4,5,2,1,2,4,5,1,4,2,4
f8bb7ed0860701686be0bcaad12dcee6,3,4,1,2,1,1,2,3,2,1,1,3,1,3,1,1,3,5,4,1,1,2,3,1,1,1,1,3,5,3,5,2,2,2,4,4,5,3,5,5,1,4,1,1,1,1,1,1
0307ea84b89fceab3b507fec1900ce7e,3,4,3,3,4,2,4,3,4,2,2,3,2,3,2,2,3,3,4,3,4,3,4,2,2,2,1,3,3,3,4,4,3,3,3,4,3,4,4,3,3,4,3,3,1,1,1,3
86348207eecbbfef7db739a2f6595e18,3,1,1,5,1,4,1,1,1,4,1,1,5,3,1,5,5,5,5,1,1,5,5,5,3,1,1,4,5,5,3,1,5,1,1,1,3,3,5,5,1,5,3,5,3,1,4,1
a3891cc21e1dd0051caa212b95c928f0,4,2,4,4,2,4,3,4,3,1,3,3,2,2,1,3,4,3,3,2,2,4,4,3,1,2,2,2,3,1,2,3,2,2,2,3,3,4,4,3,1,4,4,4,1,1,1,1
b84f9624c8d995c6b945afc898bd9973,5,5,3,4,1,5,4,1,5,2,3,5,5,4,3,4,4,5,5,3,3,4,4,4,3,5,3,5,3,5,3,3,4,3,3,3,4,4,4,3,4,4,3,2,2,5,5,4
f65238cddaeec1be538e9c1a5990e48f,4,4,3,3,4,4,4,4,3,3,2,3,4,3,4,5,4,4,4,4,4,4,5,4,4,5,4,4,4,3,4,4,5,4,4,4,4,4,4,4,2,3,4,4,4,4,4,4
479e88f02385c56f386d07d59f02a3b2,2,3,2,2,4,2,4,4,5,2,2,2,4,3,2,2,3,4,3,3,4,4,4,2,2,1,1,3,4,4,5,4,4,4,4,4,4,5,4,4,2,4,4,4,1,2,2,2
ef3a6cc38845548b4329271ac48d638d,2,2,2,2,2,1,2,4,3,1,1,2,1,2,2,1,3,2,2,1,3,1,2,2,1,1,2,4,3,2,3,2,3,3,3,2,1,3,5,1,2,1,4,4,1,1,2,1
a6f51cc7deb4cb5c5f493747f0e6e3a5,4,4,5,5,3,5,3,5,3,1,3,3,1,2,3,2,3,3,3,3,2,3,4,3,1,2,1,2,3,2,3,3,3,3,3,3,2,2,5,5,1,5,5,5,1,1,1,1
2bd3b13fa417ca0970aa75e44af86549,5,5,1,1,5,5,1,1,1,1,1,1,1,3,3,3,5,5,5,5,1,5,5,3,3,3,3,3,3,3,3,3,3,3,3,3,3,3,3,3,3,3,3,3,3,1,1,1
acc2ce1e332284a8a55fb7e2fd8bf7c3,3,3,3,2,3,2,2,2,2,1,1,2,1,3,2,1,2,2,2,2,1,2,3,2,2,1,3,3,2,2,3,3,3,3,3,3,2,2,2,3,2,2,3,2,1,1,1,1
6df42c634fbdd9f3c1a33219e89e4939,3,4,2,4,4,4,4,1,4,2,2,2,4,4,2,3,2,4,5,1,5,4,4,4,1,3,2,2,5,1,5,4,3,4,4,5,3,5,5,4,1,3,2,2,1,3,1,1
6d5a2a59f6f376602a835fe57c70455b,4,4,3,3,4,4,3,3,3,2,4,3,5,4,3,4,4,5,5,3,4,4,3,5,3,4,4,4,5,5,5,4,5,5,5,5,3,4,4,3,3,4,3,4,4,1,2,4
b69c06f1f563ace3c69c7b32f2a6c850,4,4,5,4,4,5,4,5,5,5,5,5,5,5,5,5,5,5,5,5,5,4,5,4,5,5,5,5,5,5,5,5,5,5,5,5,5,5,5,5,5,5,5,5,5,5,5,5
82641bcdf4d62d9f473022a2bee912d4,4,2,2,4,4,4,4,4,4,1,1,3,1,2,2,3,4,3,3,2,2,4,4,2,2,2,1,4,4,3,4,3,4,3,4,4,3,4,4,4,2,4,5,5,1,1,1,1
be9c58e4a639094d9f2c8bfec91afc16,1,3,3,3,3,3,3,3,3,2,3,2,2,4,3,3,3,3,3,3,3,3,3,3,3,3,3,3,3,3,3,3,3,3,3,3,3,3,3,3,3,4,3,3,3,3,3,3
dd48bc0174c3ca2370b0a49c2bd6fa82,4,4,1,1,4,1,4,4,4,1,1,3,4,3,1,2,4,4,4,2,3,3,4,2,1,1,1,1,4,3,4,3,3,3,3,3,3,3,3,3,1,1,1,4,1,4,1,4
291a6ecd1a6e4a45fcb3f02c1cdcdf59,3,3,3,3,3,3,3,3,3,3,3,3,3,3,3,3,3,3,3,3,3,3,3,3,3,3,3,3,3,3,3,3,3,3,3,3,3,3,3,3,3,3,3,3,3,3,3,3
139af8123e827b0b9d40871506216b7d,5,5,5,5,5,5,5,5,5,5,5,5,5,5,5,5,5,5,5,5,5,5,5,5,5,5,5,5,5,5,5,5,5,5,5,5,5,5,5,5,5,5,5,5,5,2,2,2
5f1981994e777f8d76c45df9adfc8662,4,3,4,3,4,4,4,3,3,3,4,3,5,4,4,3,5,4,4,5,3,4,3,4,3,5,3,3,4,3,4,3,4,4,3,4,4,3,4,2,3,4,3,3,4,3,4,3
604adb5a2ffd0f8313a8b6f1da784ba5,3,4,4,4,4,4,4,3,4,3,4,4,4,4,4,4,4,4,4,3,4,3,4,4,2,3,3,4,4,4,4,4,3,4,4,4,4,4,4,3,2,3,4,4,2,5,4,4
9feda7bbf2a2e9b1b6ed4a1daa538960,2,3,2,2,2,2,3,2,2,2,3,3,2,2,2,2,3,3,3,2,2,3,3,3,2,3,2,2,3,3,3,2,3,2,2,2,2,3,3,3,1,3,3,3,2,2,3,2
f081b3cddc1a85f07c2560673f28547f,4,4,4,4,4,2,3,4,3,3,3,4,3,4,3,4,4,3,4,4,4,4,3,4,4,4,3,3,4,4,4,3,4,4,3,4,4,4,4,4,4,3,4,3,4,3,4,4
b2d48f67a089cc23fb2bc7729f8a2300,4,5,1,2,4,4,3,4,2,1,1,4,1,3,1,4,5,4,5,2,3,4,4,2,2,4,5,3,4,4,4,3,2,2,3,4,3,4,4,4,1,1,4,4,1,1,1,3
95289197f5de3bb81c7622133a0199ee,4,4,4,4,4,4,4,4,5,5,5,5,5,5,5,5,5,5,5,5,5,4,4,4,4,4,4,4,4,4,4,4,5,5,5,5,3,3,3,3,3,3,5,5,5,5,5,5
76fa75f0e9cd794207dda975ca84dfb3,5,4,3,3,3,3,3,2,3,1,1,4,1,3,3,1,3,2,3,1,4,4,4,4,2,2,2,3,4,3,3,3,3,3,3,3,4,4,4,1,2,2,4,4,2,2,2,3
9b430de7406c68bb31fd726c99ac3558,3,3,3,3,3,3,3,3,3,3,3,3,3,3,3,3,3,3,3,3,3,3,3,3,3,3,3,3,3,3,3,3,3,3,3,3,3,3,3,3,3,3,3,3,3,3,3,3
1d6a9b03150137d40a4b024518aa0fa6,4,2,2,4,1,1,4,4,4,1,1,2,1,3,1,4,4,3,4,1,2,4,2,1,2,1,3,3,4,3,5,4,2,3,2,4,2,4,4,4,1,1,4,2,1,1,1,1
3750e5317d2967d407e66236ad3b7ab5,4,4,2,3,4,4,4,2,4,3,3,4,5,5,4,4,4,4,5,4,3,4,3,4,4,3,2,4,5,4,5,3,5,5,4,3,4,5,5,3,1,4,3,2,1,1,1,3
d21e4243dd618580580846f676c2b85a,4,3,2,2,4,2,3,3,3,3,3,4,3,3,2,4,3,4,3,3,2,3,4,3,3,2,3,3,4,3,4,3,4,3,3,3,3,3,4,3,3,4,4,4,3,2,2,2
f83882e0705489c3c0514fe226fdda4f,4,3,5,5,3,4,4,3,2,4,5,2,4,3,4,4,2,4,3,4,4,4,2,4,2,3,5,3,2,3,2,4,4,2,3,4,3,3,3,3,2,4,3,3,3,3,2,4
f1641addf883c1130a801d06d07eef4c,3,4,4,2,4,2,2,3,3,1,1,2,2,3,2,4,3,3,2,3,4,3,3,3,3,3,2,4,5,3,4,5,5,4,3,4,3,3,4,3,3,3,4,5,1,1,2,3
8b1862b185a8d8e375ab781e55e3c39a,5,5,4,5,4,4,5,4,5,4,4,4,4,4,5,4,5,4,5,5,4,4,5,4,3,4,4,5,5,4,5,5,4,5,4,5,4,5,4,4,4,4,4,4,4,4,4,4
5d83718570cad6c421fc5c9e9b80159e,4,3,4,2,2,2,2,3,2,3,2,3,4,3,4,3,3,2,2,4,4,2,2,3,2,4,2,3,3,4,4,4,4,3,3,3,2,2,3,4,4,3,2,3,3,3,3,3
92f1d409e9283fc62ebc7d59279f15c3,3,3,3,3,3,3,3,3,3,2,3,3,3,3,3,3,3,3,3,3,3,4,4,4,3,3,3,4,4,3,3,4,4,3,4,4,4,4,4,4,2,3,4,4,3,3,3,3
3e5fd8ec3f352d90ff3906ae403ebeac,3,3,2,3,4,2,3,2,3,2,3,3,4,4,2,3,3,4,4,3,2,4,4,4,2,2,2,2,3,3,4,4,3,3,3,3,4,4,4,2,2,4,4,2,2,1,1,2
579c29c5407ed999b692374653d25a61,4,5,4,4,1,2,3,2,4,2,2,3,1,3,1,2,1,1,4,1,1,4,3,3,2,2,1,4,4,4,3,3,2,2,3,4,4,4,3,4,1,1,1,1,1,1,1,1
f0c4f08113a2bc5a9275dd881c616a92,4,3,4,2,2,3,3,4,3,2,2,3,2,3,2,4,4,4,4,3,3,3,4,2,2,2,2,3,4,4,4,3,4,3,3,4,2,3,4,4,2,2,4,4,2,1,3,2
97ff350207ca6a952e2b62129e0549f0,5,3,4,3,4,4,3,3,3,1,1,4,1,3,1,4,4,4,5,4,4,4,3,4,3,2,3,4,4,2,2,4,3,2,4,4,3,4,4,3,2,3,4,5,1,1,1,1
93229bfed1b03a573e6139c21fc4e5c7,3,3,2,4,5,2,3,3,3,4,4,5,5,3,4,4,2,2,5,3,1,5,5,4,2,4,4,3,4,3,5,4,4,3,3,5,1,4,5,5,1,4,5,5,1,5,1,1
cb75e24ff92bb3f07f0051b945d5295b,4,4,4,3,4,4,3,4,4,3,3,3,3,3,3,3,4,3,3,3,4,3,4,3,3,3,3,3,4,3,3,3,3,3,3,4,3,3,3,3,3,3,4,3,3,3,3,3
4e4fc034dea12369dc5de555ad478a07,4,4,2,3,4,2,3,2,3,2,3,4,1,4,3,4,4,4,5,3,2,4,5,4,2,3,2,4,5,5,4,4,5,4,3,4,3,4,5,2,1,3,4,5,2,1,4,4
cdac3b51658dd26dd9cb7a70260f9af5,4,5,2,1,1,3,3,1,3,2,2,4,2,5,1,1,4,4,4,4,2,5,5,4,4,2,2,4,3,3,5,4,5,3,3,4,3,5,5,4,1,3,4,4,1,1,1,2
320c71e05fde5152c26575798bfeb953,5,5,4,5,2,5,3,5,4,3,5,4,5,4,2,5,5,5,5,2,4,3,5,3,4,5,4,5,5,5,5,5,5,4,4,5,5,5,5,5,4,3,5,5,2,4,2,5
a2dc2d0036c53b22cb9fb6bc280809f5,4,3,5,4,2,2,2,2,3,3,3,5,3,3,2,1,2,2,5,3,2,4,5,2,1,3,2,5,5,3,5,4,5,3,3,2,3,5,5,4,1,3,5,5,3,3,1,2
6ae71a054e9a503a1f0950de131833a2,4,4,4,3,4,3,4,2,4,2,3,4,3,3,3,3,4,4,4,2,3,5,2,5,2,3,2,3,4,3,4,4,5,2,2,4,4,3,4,4,1,4,5,4,1,1,2,2
e4f677ad43c84ada8abc579c6abf9aee,4,4,3,1,3,1,4,3,4,3,2,2,3,3,2,3,4,4,4,4,4,4,4,4,3,3,4,4,5,5,4,4,4,4,4,4,4,3,4,1,1,5,4,4,2,1,1,4
af4a88df59c0df41ee7fca0ca57fba3a,3,4,4,3,2,3,3,3,3,2,2,2,2,2,2,2,3,2,3,2,2,2,3,2,2,2,2,2,3,2,3,3,2,2,2,3,2,3,3,4,1,3,4,3,1,3,1,1
6f07da24588ef7be16618bbe848d2aa6,4,4,2,2,5,2,3,2,4,3,2,3,4,4,3,4,4,4,4,3,2,5,4,3,1,4,2,3,4,4,5,4,5,3,4,4,4,4,4,2,1,3,4,4,4,2,2,3
b7848fb18dbf386464e7cb7c37758241,4,3,2,3,3,2,3,2,4,2,2,3,3,3,2,3,3,3,3,3,3,3,3,2,2,2,3,2,3,2,3,3,2,3,3,3,3,3,3,3,1,1,3,3,2,4,1,1
0c7b9053af0850d3eaa8b61de50a26cd,4,4,3,5,3,3,4,4,4,2,2,3,3,4,2,4,4,4,4,3,3,4,4,4,3,4,3,4,4,4,4,4,4,4,4,4,4,4,5,4,3,3,4,4,1,2,2,3
02d679ad650962b6ae8bf8adbeeb33c1,4,2,2,2,2,2,2,3,1,1,1,1,1,1,1,1,3,3,3,2,2,1,3,2,1,2,1,3,3,1,3,2,3,2,2,2,4,3,4,4,2,3,5,5,1,5,5,2
f79d398d62d5eaff8d7b1f9f6aaf65ab,4,3,3,4,4,5,3,2,3,3,4,4,4,3,3,4,4,4,3,3,2,3,4,3,4,3,4,4,4,3,3,3,4,3,3,4,3,3,4,3,1,3,3,2,3,4,2,3
6a574b00e6da1dad01065f3d90738721,3,4,3,3,4,4,4,4,3,3,3,4,3,3,3,3,3,3,4,3,3,3,3,3,2,3,3,3,3,3,3,3,3,3,3,3,4,3,5,4,3,3,4,3,3,4,3,3
d5a1f82d20610cfc2ee2df22e16ad238,4,4,2,4,3,2,5,1,4,2,4,3,3,1,2,4,4,2,4,2,4,4,3,3,3,2,2,1,3,3,4,2,2,1,2,4,3,4,4,1,1,1,4,2,2,3,1,1
98a2576c48530076abcaf557f266efd9,4,2,5,3,2,1,3,4,2,1,1,2,1,2,3,1,3,4,5,2,2,3,3,1,3,1,1,1,4,3,3,2,2,2,3,3,2,4,5,3,1,2,5,2,1,1,1,1
32e7400bb54ff66588587d2f2b1b22c2,5,4,5,4,3,4,5,3,5,4,5,5,3,5,5,5,5,5,5,5,4,5,5,3,2,2,4,5,5,3,5,5,2,4,5,5,5,5,5,3,2,4,5,4,3,5,2,3
995eae68fe66f02aa88128425cc87e81,4,4,2,4,3,4,4,2,4,3,3,4,4,3,1,4,4,4,4,2,3,4,4,4,3,4,2,4,4,3,4,4,4,2,3,4,5,4,5,4,1,4,4,4,2,5,2,3
321fe53fdc9f70e4d17930e03cbd49e7,4,4,2,2,3,2,2,2,3,2,3,3,4,3,3,5,4,4,3,3,2,4,4,3,3,2,3,3,3,3,4,3,3,2,3,4,4,4,3,2,1,1,4,4,4,3,1,4
9879db96946fbb8a3e255ab8815c577e,3,4,2,3,3,3,3,3,3,2,1,1,1,1,1,3,3,3,3,2,2,4,2,2,3,1,1,2,3,3,4,4,2,2,2,3,3,4,4,4,1,1,3,4,1,1,1,2
3d2fd5b219300a9aee7b21887a24c539,5,4,4,3,2,4,4,3,4,2,3,4,4,5,3,4,5,5,5,4,5,5,4,5,5,3,4,5,5,4,5,5,2,5,4,5,4,5,5,5,1,4,4,1,1,1,1,4
59d4d32d1adaab3ed5ecbf5ca9d728ca,5,5,5,5,3,4,3,3,3,4,4,5,5,5,4,5,5,5,5,4,4,5,5,5,4,4,3,5,5,5,5,3,3,5,5,5,5,5,5,3,2,3,4,3,2,5,3,3
77174b6a21fc52977ea8a50f8e325beb,4,3,3,4,2,3,3,4,3,2,2,3,4,3,3,4,4,5,5,2,4,5,4,3,2,2,4,3,5,4,5,4,4,3,5,4,4,4,5,3,1,3,5,5,2,1,3,3
60085c119be41ce2a56c2576583d821c,4,4,2,2,2,3,2,3,4,1,2,3,3,3,2,2,4,3,3,3,2,4,4,2,4,3,1,4,3,3,3,4,4,4,4,4,4,5,5,3,1,4,5,5,2,4,2,2
5104564f160fb05b4b79bbdb09c03c4f,4,4,2,4,4,3,2,4,3,1,2,3,2,3,2,3,4,3,3,3,2,4,4,3,1,1,2,3,4,2,3,2,3,2,4,3,4,4,3,4,1,2,4,3,1,2,1,2
3723be496725be52bc640fd39aea51e6,2,2,2,2,4,2,1,1,1,1,1,3,2,1,4,2,3,2,4,1,2,4,2,1,1,4,1,1,4,1,3,3,2,3,2,1,1,4,4,5,1,2,4,1,1,1,1,1
d5d6ef4cf638f306e8948582b7662c45,4,4,4,3,1,1,4,4,5,1,4,3,4,5,3,5,5,4,4,2,2,5,3,2,3,3,4,5,5,4,5,5,4,5,5,5,5,5,5,5,2,4,4,5,3,2,1,4
b3544e076d49acb0dd2af969419895f0,4,5,2,2,4,2,3,3,4,1,1,2,1,3,1,1,3,4,3,3,4,1,2,2,1,1,1,1,2,1,3,3,1,1,1,3,2,3,3,3,1,1,4,2,1,1,1,1
c2e15430ed832457c780c948b21c37ec,4,2,2,3,3,1,2,4,2,3,3,3,2,3,1,2,4,4,3,2,1,4,4,3,2,2,1,3,3,2,2,2,3,2,1,4,2,3,4,4,1,4,5,4,3,4,1,2
8e72970e2fdad1fa564d800ba15d72c4,4,4,2,2,2,2,3,2,4,2,2,1,1,3,1,3,3,3,4,2,4,4,4,3,1,3,1,2,3,3,4,3,4,3,4,3,3,4,4,4,1,4,5,3,1,1,1,1
65e452ca8afdf0ba6a8cbc4af63da728,3,4,1,1,3,2,2,2,2,1,3,2,3,3,2,2,5,5,3,1,1,5,3,4,1,3,2,4,3,4,5,3,5,4,3,3,5,5,5,1,1,4,5,5,1,1,1,5
64d3bd3b339f63a66b8c878b561551d8,2,3,1,1,4,2,3,2,3,1,1,1,5,1,1,2,3,2,4,1,4,4,4,4,1,4,3,4,3,1,4,3,5,1,3,4,1,4,2,5,1,4,4,4,1,5,5,1
43614526a6c8258926cdad20e022d95b,3,3,3,3,2,3,3,3,3,3,3,3,3,3,3,3,3,3,3,3,3,3,2,3,3,3,3,3,3,3,4,4,4,4,4,4,2,2,3,4,4,4,3,3,3,3,3,3
9fdc1083486fd8a677d32fa2f848317c,4,3,4,4,2,4,3,4,2,3,3,4,3,3,4,3,4,4,3,3,3,3,3,4,4,3,3,3,4,4,3,3,3,4,4,3,3,4,4,3,1,3,3,3,3,3,4,3
a950b5467cb42eff9068dbf2b750dcfa,3,3,4,2,3,3,1,2,3,3,4,2,4,3,4,3,3,3,3,3,3,3,3,3,3,3,3,3,3,3,2,3,2,3,2,3,3,4,3,3,2,3,3,2,3,3,4,3
a5b8d98aa354c067a53ec0d55a2ae574,3,3,3,3,3,3,2,3,2,2,2,2,2,2,2,2,2,2,2,2,2,3,3,3,3,3,3,3,3,3,3,3,3,3,3,3,2,4,3,3,1,3,4,4,3,4,3,3
129ddde18a68ca2abcdc3dfed2193e8d,4,4,4,3,3,4,4,1,3,4,4,4,4,4,4,3,3,3,3,4,3,3,2,3,4,4,4,4,4,4,4,2,4,3,3,4,2,3,3,2,1,3,2,4,4,4,4,2
19056c5976e9a570a9d075ffd241dc8c,3,3,2,3,2,3,3,3,3,3,3,2,3,2,3,3,3,3,3,2,2,3,3,3,3,2,3,3,3,3,3,3,2,2,3,3,3,4,3,3,1,3,3,3,3,2,2,3
2e0b2a391b267f0bad149cdd4fde7c77,3,3,3,3,2,2,2,2,2,3,3,3,4,2,3,3,3,2,3,2,2,4,3,2,2,2,2,2,2,3,4,2,1,2,2,2,2,4,2,2,1,1,3,2,1,1,1,1
211e56f630ac8bf04d3a499793850c8c,2,1,2,1,1,2,2,2,1,2,2,1,2,2,1,2,1,1,2,2,1,2,1,1,1,2,3,2,2,2,2,2,1,2,2,2,1,1,1,1,2,2,2,2,2,1,1,1
78e175e4b4cfb1c8883057ae97600a46,4,3,2,3,2,3,2,3,3,3,3,3,2,3,3,3,2,2,3,3,3,4,4,4,4,4,4,4,4,4,4,4,3,3,3,3,2,3,3,3,3,3,3,3,3,3,3,3
7ac415f65664aa5dd3c25c2dcd519af1,3,3,3,3,4,4,2,4,4,4,4,4,4,4,3,3,4,4,4,4,4,3,4,4,3,4,4,4,4,4,2,4,3,4,4,4,4,4,4,4,2,2,3,3,4,4,4,4
f8497771742a7af3d98553098582bd34,4,4,4,4,4,4,4,4,4,4,4,4,4,4,4,4,4,4,4,4,4,4,2,4,4,4,4,4,4,4,4,4,4,4,4,4,4,1,4,1,4,4,4,2,4,4,4,4
d8a7f0e703428eb3c7fcfdc093dc4e61,3,3,3,3,3,3,2,2,2,3,3,1,2,2,2,2,3,3,2,3,3,4,4,4,4,3,4,3,3,4,3,4,3,3,2,3,3,5,3,3,1,2,3,2,3,3,2,3
92fcd7a854eb341782743e532e0a7914,4,3,3,3,3,3,2,3,4,4,3,3,3,4,3,4,4,4,3,3,3,3,4,3,4,3,3,4,3,3,3,4,3,3,3,4,4,3,3,3,4,3,3,2,3,3,4,4
193d4fd1d794b5f85e8d69d85318f053,4,4,4,4,4,4,4,4,4,4,4,4,4,4,4,2,4,4,4,4,4,4,4,4,4,4,4,4,4,4,4,4,4,4,4,4,3,4,4,4,4,4,4,4,4,4,4,3
6c8d0f74f8332323d0e46da1ec7d9afd,4,4,4,4,4,4,4,4,3,3,4,3,3,4,3,3,4,3,4,3,3,3,4,3,3,3,3,3,4,4,4,3,3,3,3,3,3,4,3,3,2,3,3,3,2,3,3,3
3ffc472463f45e721eba888c571801f9,3,3,3,3,1,3,3,3,3,3,3,3,3,3,3,3,3,3,3,3,2,3,1,3,2,3,3,3,3,3,3,3,3,3,3,3,3,4,3,3,1,1,3,3,3,3,3,3
234c16857c59d7cade139c6457200b6a,3,2,3,3,4,4,3,3,2,3,3,1,2,2,2,3,3,2,2,2,1,3,4,3,1,2,2,3,3,3,4,3,3,2,3,3,2,3,2,2,2,1,3,3,2,2,2,2
ea04e6e76c69e6d96f084a5a54770688,3,3,3,2,2,3,3,2,4,3,3,4,3,2,2,2,4,4,3,3,3,4,4,3,2,2,4,4,4,4,4,3,4,3,3,3,3,4,3,3,2,2,4,4,3,3,3,4
b5393db86f04cff048fbfad5342bf6d2,4,3,4,4,4,4,4,4,4,4,4,3,4,3,4,4,4,4,4,3,3,4,4,4,4,4,4,3,4,4,4,4,4,3,4,4,3,4,3,4,3,3,4,4,4,4,4,3
a457518f33a1a7e9d835c28bfe66327a,4,3,3,4,2,2,3,3,4,4,4,3,4,3,3,2,3,3,3,4,2,4,4,3,4,2,2,3,3,3,4,4,2,3,2,4,3,3,2,3,1,1,4,2,3,2,3,4
c8aca66b7f628ee9972477622f89592c,3,3,3,3,3,2,2,3,2,2,2,3,3,2,2,3,2,2,2,3,2,3,3,3,2,3,3,3,3,2,3,3,2,2,3,3,3,3,3,3,3,3,3,2,2,2,2,2
559d8cca791d0ad9ac79d4d309d9c7c3,4,4,4,4,1,3,3,2,3,3,3,3,4,3,3,3,3,3,3,3,3,3,3,3,3,3,3,3,3,3,4,3,3,3,3,3,3,4,3,3,1,2,3,3,3,3,3,3
78ed069a3a944d4463d39ffa74138614,4,3,3,3,3,3,2,2,3,3,3,2,4,2,1,2,4,3,3,4,1,4,4,4,3,2,3,3,3,3,3,3,2,1,2,2,3,4,4,3,1,3,3,3,2,3,3,3
80be0f3478e6b7602d439c9c92b4f62a,2,3,2,2,2,2,2,3,3,2,3,2,4,4,2,4,2,2,2,3,2,3,3,2,3,2,3,2,3,3,3,2,2,2,2,2,2,3,2,2,1,1,3,2,2,2,2,2
8e3b87ff984dbaf691a0f32754006956,3,2,2,2,2,3,3,2,2,3,3,3,3,2,3,3,3,2,3,3,2,3,2,3,4,4,4,3,3,3,3,2,2,2,2,2,3,4,2,2,1,1,3,2,2,2,4,3
cbee50df44af40b3865afd033d2e2fd2,2,2,3,1,3,1,2,3,3,3,2,2,3,2,2,3,2,2,2,1,2,3,3,3,3,3,3,2,2,4,3,2,1,2,1,1,2,1,2,2,1,1,3,2,1,2,1,1
9e4aed84a5c53a17c29d570ac527ce0a,3,3,3,3,1,3,2,3,2,2,2,2,2,1,1,3,3,3,3,3,3,3,3,3,2,3,3,3,3,2,3,3,3,3,3,3,2,4,3,3,1,3,3,3,3,3,2,3
096db99c63cfb79a7998e1ef5cea6210,4,2,4,4,3,2,3,4,2,3,2,2,2,2,2,3,3,3,3,2,2,4,3,3,3,2,3,2,3,3,3,4,2,3,2,3,3,3,2,3,1,2,3,2,2,2,2,3
c5d3e9cf5b5209fff8f2a41e8b2d41c7,3,3,4,3,1,4,3,1,3,3,3,2,4,2,4,3,2,2,3,3,3,3,3,4,4,2,3,3,3,4,3,2,2,2,3,2,3,4,2,1,1,1,3,2,1,2,3,4
34024522c588638da7de356d1b3129a7,3,2,1,2,3,3,2,1,3,3,2,1,4,4,1,2,3,2,3,4,2,3,2,3,4,3,3,3,3,3,4,3,3,3,2,2,3,4,3,2,1,1,3,1,1,1,2,3
cdbfa9161999c800653297110253d07b,2,3,3,2,2,2,3,3,3,3,2,3,3,2,3,2,2,3,3,2,3,2,3,3,3,2,2,3,3,3,3,3,2,3,2,3,3,3,3,3,3,2,2,3,2,3,2,3
62fec5651a73c2199c3ecd2016b401ad,2,2,3,3,3,1,1,1,3,2,3,2,3,2,2,4,2,2,2,3,3,3,2,3,3,3,3,3,3,3,3,3,3,3,3,3,2,2,2,3,1,4,2,2,2,2,2,2
0c954a3dd67f4cddc79bc2c80479b302,2,2,2,1,2,2,2,2,3,3,3,2,2,1,2,2,2,2,2,2,2,1,3,3,3,2,3,2,2,1,2,2,2,2,3,4,1,3,3,2,3,2,4,2,2,3,3,3
2b2a0982179d48f1e8630edb15558915,2,1,1,1,2,1,1,2,2,2,3,1,4,3,2,3,3,2,3,3,2,3,3,2,1,1,3,2,3,3,3,3,1,2,1,3,3,4,3,2,1,1,2,1,1,1,1,3
f2f24051b519e7d15fd74ed33cdb6525,3,3,3,3,2,3,3,3,3,3,3,3,3,3,3,3,3,3,3,3,3,3,3,3,3,3,3,3,3,3,3,3,3,3,3,3,3,4,3,3,3,3,2,3,3,3,3,3
3e7fcab5c8f636064e5b25c6abacb4bf,3,3,3,3,3,3,3,3,3,3,3,3,3,3,3,3,3,3,3,3,3,3,3,3,3,3,3,3,3,3,3,3,3,3,3,3,3,4,3,3,3,3,3,3,3,3,3,3
bbe1e5cbf6a295ea505116e51e54826c,4,4,4,4,4,2,3,3,4,4,4,2,4,4,2,4,4,4,4,4,4,2,2,2,1,3,2,2,2,2,4,3,3,4,1,3,1,2,3,2,2,2,4,4,2,1,1,4
9fed5a0822e7674f8ebd0fd47c0951da,4,4,4,4,4,4,4,4,4,4,4,4,4,4,4,4,4,4,4,4,4,4,4,4,3,4,4,4,4,4,4,4,4,4,4,4,4,5,4,4,2,4,4,4,4,4,4,4
9b827e2a3e91f1ae4321e0ce7d322928,3,3,3,3,2,2,2,3,2,3,4,2,3,3,2,3,4,3,3,3,3,3,2,3,1,2,2,3,3,2,4,3,2,3,4,3,3,2,4,3,3,2,4,3,2,4,2,3
ecc256bbe6aca0d38037e1bd63b00c53,4,4,4,4,4,4,3,3,2,3,3,2,4,2,3,4,3,3,3,3,2,3,4,3,3,3,3,3,3,3,3,3,2,3,3,3,3,4,3,2,3,3,3,3,2,1,2,3
b67f08ea9b9e7e9911e15144f038bd3d,2,2,2,2,2,2,2,2,2,2,2,2,2,2,2,1,1,1,1,1,1,1,1,1,1,1,1,1,1,1,1,1,1,1,1,2,2,2,2,2,2,1,1,2,2,2,2,1
b5adbc66d1876ab21840debe6b80e705,4,4,4,4,1,4,4,4,4,4,4,4,4,4,4,2,4,4,4,4,2,4,2,4,4,4,4,4,4,4,4,4,4,4,4,4,4,5,4,4,2,4,4,4,3,4,4,4
0eba5c6f653c53f97868dd5471c75fec,4,4,2,3,2,3,4,1,4,4,4,3,4,4,3,3,3,3,3,4,4,3,3,3,3,4,4,3,3,4,4,3,2,4,4,3,3,5,3,2,1,2,3,3,3,2,3,3
caf96adedea36a1e9a3143b55f71beed,3,3,4,3,2,2,3,2,3,2,2,2,4,2,3,3,2,2,3,3,2,4,3,4,2,3,4,2,2,2,3,3,2,2,2,2,3,3,2,2,2,2,4,2,2,2,3,3
cfeb5998b239537c79a8afb36c7d07e4,3,3,3,3,3,3,2,3,3,3,3,3,3,2,2,3,3,3,3,3,3,3,3,3,2,3,3,3,3,3,3,3,3,3,3,3,3,3,3,3,2,2,3,2,3,3,3,3
7cc9a21915594af2e5aa8e019c7f52c9,3,3,3,1,4,3,3,2,3,2,2,3,1,3,2,1,3,2,3,2,2,3,3,3,3,3,3,3,2,2,3,2,3,3,2,2,3,3,2,3,1,1,3,3,2,1,1,1
61cb155c84d2053b9923d8bd4bbfa179,3,3,3,3,3,3,3,3,3,3,3,3,3,2,3,3,3,3,3,3,3,3,3,3,3,2,3,3,3,3,3,3,3,3,3,3,3,4,2,3,2,2,3,2,3,2,3,3
36ec508b9810ba3826cc8b28d311c0db,3,3,3,2,2,3,2,1,3,3,2,2,4,2,1,2,3,3,3,3,3,4,4,4,3,4,3,2,2,2,4,3,3,3,3,3,3,4,2,2,3,2,4,3,3,3,2,2
8f2e822507d6694953346075a22d646a,4,4,3,3,2,1,3,4,3,3,3,3,3,3,3,2,3,3,2,3,2,3,3,4,3,3,3,3,3,3,3,3,2,3,3,3,3,3,3,3,3,4,3,2,3,2,2,2
50833fc4f0545d915ee06bed8670743e,3,3,3,3,3,3,3,3,2,3,3,2,3,2,2,3,3,3,3,3,2,4,3,3,3,2,3,3,3,3,3,3,2,2,2,3,3,3,3,3,2,2,3,2,2,2,2,3
040813ab33e45cc57c5b3c2a3a5e5ff1,3,3,3,3,3,3,3,3,3,3,3,3,3,3,3,3,3,3,3,3,3,3,3,3,3,3,3,3,3,3,3,3,3,3,3,3,3,3,3,3,3,3,3,3,3,3,3,3
4d40e87341d46284a12c9c71a11d7416,3,3,3,3,3,3,3,3,3,3,3,3,3,2,3,3,3,3,4,4,3,4,2,3,3,3,3,2,3,3,3,3,3,3,3,3,3,4,4,4,2,2,3,3,3,3,3,3
1d2c0e7352e53eb88c848782f26c92f0,3,3,2,2,2,2,2,2,2,2,2,2,2,2,2,3,2,2,2,3,3,3,3,3,2,2,3,3,3,2,3,2,2,3,2,3,2,2,2,3,2,2,3,2,3,2,2,2
5b6ff8974f7849c3295a0e4b40f544ab,3,3,3,3,1,2,2,2,4,4,4,4,4,3,4,4,3,4,4,3,3,4,3,4,4,3,3,3,3,3,4,2,1,3,1,1,3,5,1,2,1,2,2,1,2,2,4,4
cd1233f691e24539ff101a0cc62d7616,4,3,4,4,1,3,4,4,4,4,4,4,4,4,3,3,4,4,4,3,3,3,4,4,3,4,4,3,3,4,4,4,4,4,4,3,4,4,4,4,1,3,3,3,4,4,4,4
418ac27bd5c9fb20edd1e680005f4c92,3,3,2,3,2,3,2,3,3,3,2,3,3,3,2,3,3,3,3,3,1,4,3,4,2,3,3,3,3,3,3,2,3,3,1,1,2,3,2,2,1,1,3,1,2,2,1,1
3182e0e980aee2da0dd8bc39cf3b59bb,4,4,4,4,3,3,3,3,3,3,3,3,2,2,3,2,3,3,3,2,2,4,3,3,3,3,3,3,3,3,3,3,4,3,3,3,3,4,3,3,2,3,3,2,3,2,3,3
62ab1edd552d20b15d58c814e8e17b70,3,2,3,2,3,2,2,3,2,3,3,1,2,2,2,3,2,3,3,3,1,3,3,2,3,2,2,2,3,2,2,2,1,2,2,3,3,2,3,3,1,2,3,1,1,1,1,1
a210de37c0ce28ec510eb551ff949624,3,3,3,3,2,3,4,3,4,4,3,4,4,3,4,3,4,4,2,4,3,4,4,4,4,3,4,4,4,4,4,4,4,4,3,3,3,5,3,2,3,4,4,4,4,4,3,4
54d44e0b20ba9c619cb578342b977e6d,4,4,4,4,2,4,4,4,4,4,4,4,4,4,3,2,4,4,4,4,3,4,4,4,4,2,4,4,4,4,4,4,4,4,3,2,4,5,4,3,1,4,4,2,4,3,4,4
27f3a3f271f518b9c7da33cadad46b62,4,4,4,4,3,4,4,3,4,4,4,4,4,4,4,4,4,4,4,4,4,4,2,3,4,4,3,3,3,3,4,3,4,3,4,4,3,3,4,4,3,2,4,2,4,4,4,4
56b78bc935664e23f56f1874e13723b3,3,2,4,3,4,2,3,4,2,3,3,1,3,2,3,3,3,2,3,3,1,4,4,4,2,2,4,2,2,2,2,2,1,2,2,3,4,3,2,3,1,3,3,2,1,1,1,3
3e2eb97636481fc88a08eebda8a00eb5,3,2,2,3,2,2,2,2,3,3,2,2,3,2,2,3,3,2,3,3,2,3,3,3,3,2,3,2,3,3,3,3,3,3,3,3,3,3,2,3,2,2,3,3,2,3,3,3
191ffacebb44617ca8aea3e6c037a174,4,4,4,4,2,4,4,4,4,4,4,4,2,3,4,4,4,4,3,4,4,4,4,4,4,4,4,4,4,4,4,4,4,4,4,4,3,4,4,4,2,3,4,4,3,4,4,4
d5d627848d3d514c6b534dbf242f20b7,4,3,4,4,3,3,2,4,4,3,4,4,4,2,3,3,4,4,4,3,2,4,4,4,3,2,4,2,3,3,4,4,3,3,4,3,4,5,2,4,1,2,3,2,4,2,2,3
dd699e1f9eea0f1b1297b73edf0f67e8,3,3,3,2,3,3,2,3,4,3,3,3,4,2,2,3,3,3,4,4,2,3,3,3,4,3,4,3,3,4,4,4,2,3,3,3,3,5,2,2,1,3,4,3,3,4,4,4
d92ecb75fcde4dbf20a318b41087c53e,3,2,3,3,1,2,2,4,3,4,2,2,4,2,3,2,4,4,3,2,2,4,3,3,2,3,3,3,3,3,3,3,3,3,2,2,3,4,2,4,1,3,3,3,4,3,2,2
6aab705667e7d55117a2a16f34259edc,3,3,2,2,1,2,1,3,2,3,3,1,1,1,1,3,3,2,2,2,3,3,3,3,2,2,3,2,2,4,3,2,2,2,2,3,2,3,3,2,1,1,2,2,2,2,2,2
322a862b781ff2646b133939b63a9749,3,4,4,4,3,3,4,3,3,3,3,4,4,4,3,3,3,3,3,4,4,4,4,4,3,4,4,4,4,4,3,3,3,3,4,4,3,5,4,3,3,4,4,4,4,4,4,4
eb7d20d695faea16715582115aad0c37,3,3,3,3,1,3,3,2,4,4,4,4,4,2,3,3,4,4,4,4,3,4,2,4,3,2,4,3,3,2,3,3,3,3,3,3,3,4,3,3,3,2,3,2,3,2,3,3
45063773a71d0b796ce10ee5e20473ae,3,3,4,4,2,3,3,3,3,3,3,2,4,2,4,3,3,3,3,2,2,4,4,3,3,3,3,3,3,3,3,3,2,2,2,3,3,3,2,2,2,3,3,3,2,3,3,3
6d6dab6dcbcb94e6d254fc0f14d5399c,3,3,3,3,3,3,2,3,2,2,3,2,3,2,3,3,3,3,3,2,2,3,3,3,2,3,3,3,3,3,3,3,2,3,3,3,3,4,3,3,2,3,3,2,2,2,2,2
17ac65262c741925139b8dfc7f1f62a2,2,4,1,2,4,3,2,2,2,2,2,4,1,2,4,2,2,2,2,3,4,2,2,1,3,2,3,2,2,2,2,1,3,2,2,2,2,3,4,1,4,4,2,4,4,4,4,2
760b65941d80cdd3b709ec0a6f6bf517,3,3,3,3,3,3,2,3,3,2,3,2,4,4,3,3,2,4,4,4,2,4,3,4,1,2,4,4,4,4,4,3,3,3,3,2,3,4,4,3,1,2,3,2,2,3,2,4
ae297a94daddf4080494a9fa4e7eecda,4,4,4,3,2,4,3,2,3,3,3,3,2,3,4,3,4,4,4,2,2,4,4,4,2,2,3,4,4,4,4,4,3,4,3,3,3,4,3,3,1,2,3,2,2,2,3,3
a1c11b2ffa98234696ccdcbc0402e9ca,4,3,3,4,3,3,2,4,4,4,3,2,3,3,3,3,4,4,4,3,4,3,4,3,3,3,3,4,3,4,4,4,3,3,3,3,3,4,3,3,3,4,3,4,2,3,2,3
1db6ebb525935f200caf47437ace60f8,3,2,3,3,1,3,2,3,4,4,2,2,4,3,2,2,3,3,3,2,3,3,3,4,3,2,3,2,3,4,3,2,2,3,2,3,3,3,2,3,1,3,3,3,2,3,2,4
c888bd92ba873055951e8e75b4471e1e,3,3,3,4,1,3,2,3,4,4,3,2,3,2,2,2,3,3,3,3,3,3,4,4,2,2,3,2,4,3,3,2,2,2,2,2,3,4,3,3,1,1,3,3,2,2,2,2
0b3a294979dcf78575cf31420b0b8472,3,2,2,3,2,2,2,2,3,3,3,2,2,4,2,4,3,2,3,4,2,4,4,4,3,2,3,2,2,3,4,2,2,3,3,2,2,5,3,3,2,3,3,3,3,2,2,3
e31e19295ace911ea20e9fd00d4eee56,3,3,4,4,2,4,3,4,3,3,3,4,4,4,4,4,4,4,4,3,4,3,2,4,3,3,3,4,3,3,4,4,2,4,2,3,3,4,3,3,3,4,3,3,1,2,3,3
9497ffba69c7888bce4e80e896a775c0,3,4,4,4,3,3,2,3,3,3,3,2,3,2,2,4,4,3,3,4,2,3,4,4,3,3,3,3,3,3,3,2,3,2,2,2,3,3,3,2,1,2,3,2,2,2,2,3
146d47e133cccc55ba0303c8059399cf,4,4,4,4,4,4,4,4,4,4,4,4,4,4,4,4,4,4,4,4,4,3,3,3,3,2,3,4,3,3,3,4,3,3,3,3,4,5,3,2,2,2,3,3,4,3,2,3
4ddf5f5db7e19cc17b603ce8e8ff351f,3,3,3,2,2,3,2,4,3,3,3,4,3,2,2,1,2,2,2,2,2,3,4,3,4,2,3,3,3,3,3,2,4,3,2,2,2,4,2,2,2,2,4,3,4,4,3,3
f0a81ae38b4e5374cba10b03d7e6b7aa,3,3,3,3,3,3,3,2,2,2,3,2,3,2,2,2,3,3,2,2,2,3,3,2,1,3,3,3,3,3,3,3,2,3,3,3,2,3,3,2,2,3,3,2,2,2,2,3
99f3080b05fd0a103b83e9c6bf3ee9a9,3,3,3,3,3,3,3,2,2,3,3,3,3,2,3,3,3,3,3,3,2,3,2,3,3,2,3,2,3,3,3,3,3,3,3,3,3,3,2,3,1,1,3,2,3,2,3,2
26a7d7505f05ed71817e2afec0b8d957,2,2,2,3,1,3,2,3,3,3,2,3,3,1,3,3,2,3,4,1,3,3,3,3,3,3,3,3,3,3,3,3,1,1,3,3,3,3,2,3,1,1,3,2,1,1,3,3
a6458da9625c6ae288440bc3868952f4,3,3,4,3,2,3,3,3,2,3,4,3,3,3,3,4,4,3,2,4,3,4,4,4,4,3,4,2,2,3,3,2,2,2,2,2,3,4,3,3,1,1,3,2,2,2,2,3
334ae80553d0d9888c59436a747e6435,4,3,4,3,2,2,3,4,4,4,3,3,4,3,2,4,1,4,4,4,2,4,4,4,4,4,4,3,4,4,4,4,4,4,4,3,4,5,3,4,1,2,4,4,2,4,4,4
bed61885e3d7ca38dec377de7cae5683,4,4,3,4,2,3,2,2,4,4,4,2,3,2,2,4,3,4,3,2,2,3,3,3,1,3,3,3,3,3,4,2,3,3,2,2,2,3,2,4,2,2,4,3,2,4,3,4
ff352cc412dda02baf83e6c095f81622,4,4,3,4,1,2,3,4,4,4,4,4,4,4,4,3,4,4,4,4,4,4,3,4,4,4,4,4,4,4,4,4,4,4,4,3,4,5,4,1,2,4,4,4,4,4,4,4
213537eee9b97f1b39970a8d5cdce00c,3,2,4,4,4,4,3,4,3,4,4,3,4,2,2,4,4,4,4,3,2,4,4,4,4,4,3,3,4,3,4,3,2,3,3,4,4,4,4,4,1,4,3,2,2,2,3,4
2360852fcfec3ce90c573151f24adfd1,4,2,4,4,3,2,2,4,3,4,2,2,3,2,2,3,4,3,3,4,2,4,3,3,1,2,3,1,3,3,3,2,2,2,2,2,1,3,3,2,1,2,3,1,1,2,1,3
3e018e2078fe88dfd6c8c52bf425cfc3,3,2,3,3,2,3,2,3,3,3,3,3,3,2,2,3,3,3,3,3,2,3,4,2,2,2,3,3,3,3,3,3,3,3,2,3,3,4,3,3,2,2,3,3,2,3,2,3
5747bb8136dcd0aa25e8f7763827db11,3,2,3,3,1,3,2,2,3,3,3,3,4,2,3,3,3,3,3,4,3,4,3,4,4,4,4,3,3,3,3,2,2,3,3,2,3,3,2,2,1,1,3,3,3,3,3,3
6c7ea17b19edee01e39075dfbd783085,3,2,4,3,3,2,2,1,3,3,2,2,4,1,2,4,4,2,3,3,2,4,4,4,2,3,4,2,2,3,3,2,2,2,2,2,3,2,3,2,1,2,4,2,2,3,2,4
12b9eba1adfb80bb4900d0f664d64729,3,3,3,3,2,3,2,3,3,3,2,2,4,2,3,3,3,3,3,2,3,4,4,4,4,2,3,2,3,4,4,2,3,3,3,3,3,5,4,2,1,3,4,2,4,4,4,4
07376c0e999c285d498c430418059de0,4,4,4,4,3,4,4,4,4,4,4,4,4,4,4,4,4,4,4,4,4,4,4,4,4,4,4,4,4,4,4,4,4,4,4,4,3,3,3,3,3,3,2,2,3,3,4,3
14b40d138fb0d1e6d76b43d55611401a,4,3,3,2,3,2,3,3,1,2,3,1,3,2,3,3,3,3,4,1,2,3,3,3,2,2,2,3,2,2,2,4,1,2,4,4,3,4,3,4,2,3,2,1,1,2,2,2
2ce542d10444443251e44a3a6dec6eb4,3,3,2,2,1,2,2,2,1,1,1,1,3,2,2,4,3,2,3,2,2,3,3,2,3,3,3,2,3,3,3,3,3,2,2,2,3,3,2,2,1,2,4,4,3,3,2,3
d391820addb3fcad29eaccb3774f81b9,3,2,2,2,1,4,3,3,4,4,4,4,4,3,3,3,4,4,3,4,4,4,3,2,3,2,4,4,4,4,3,3,4,3,4,3,3,5,4,4,1,3,3,4,2,4,4,4
2984b3dc3fbbdcd35ebe764dc30ca331,3,2,3,2,3,2,2,2,2,2,3,2,3,2,2,2,3,3,3,2,2,3,3,3,1,3,3,3,3,2,3,3,2,3,3,3,2,3,2,3,2,2,4,3,2,3,2,3
0ddd40d6312d4bdc3589bea15c47afa9,3,3,2,2,2,3,2,4,3,4,2,3,2,2,1,1,3,2,2,3,1,3,4,3,3,1,3,2,3,3,3,2,3,3,3,3,2,4,2,3,1,2,4,4,3,3,2,3
41364796890f9cffd068307dbdff9559,4,4,3,3,3,4,4,3,3,3,3,3,4,4,2,2,3,3,3,3,3,3,3,3,2,3,3,3,3,3,3,3,3,3,3,3,4,4,2,3,3,3,4,4,3,2,3,3
71b53ea50ec02d28fc08843ead3717a0,3,3,3,3,2,2,3,2,2,3,1,2,2,3,2,2,2,3,2,2,3,2,2,2,3,2,3,3,3,3,4,3,3,3,3,2,3,3,3,3,3,3,3,2,2,3,3,2
633b46db3cea2ec83b4b196dcf9f7e76,3,2,3,3,3,3,3,3,3,3,3,3,2,3,2,3,3,3,3,2,2,3,2,3,3,3,3,3,3,3,3,3,2,3,2,2,3,3,3,3,2,2,3,3,3,2,2,2
21b5ad58ee31f6e6e5fc4ee9fbab05a7,3,3,3,2,3,3,2,4,4,4,2,3,4,3,3,3,3,3,1,2,2,4,2,3,2,3,3,3,3,3,4,3,4,3,2,3,4,3,3,1,1,1,4,4,3,4,4,4
aaf5852b0146d3dcfb03c52ec0ef48e4,4,3,4,1,2,3,3,4,3,4,4,4,3,4,4,4,4,2,4,1,3,3,3,3,3,2,3,3,4,4,4,4,4,4,4,4,4,5,2,1,1,3,3,4,2,4,3,4
94a2b55405ffb84d8d1d0cb8c54c1e5b,4,2,3,4,2,2,3,4,3,3,3,3,4,2,2,4,4,2,3,3,2,4,4,2,1,4,3,3,2,3,4,3,2,2,1,3,3,3,3,1,1,1,3,2,2,3,2,2
c0296da2531bd101d1c7a597bfbe3055,4,3,4,4,1,4,4,4,3,3,4,2,4,2,4,1,4,4,2,2,3,4,3,4,2,2,4,3,1,3,3,2,2,3,1,4,3,4,2,3,1,3,3,2,1,2,3,4
19ecb8185a0cef5d3d87a5d5d89fb1d1,2,2,1,2,2,2,1,3,4,4,2,3,4,2,4,3,2,1,1,4,3,4,2,3,4,3,4,2,4,2,3,3,1,1,3,3,2,2,1,3,1,2,1,2,3,1,2,4
681a2ee5f3fe039c1d403fccb58a3a67,4,4,4,4,3,4,4,4,4,4,4,4,4,3,4,4,4,4,4,4,3,4,4,4,4,4,4,4,4,4,4,4,4,4,4,4,4,5,4,4,2,4,4,4,4,4,4,4
6673ff23881e8c0ef5aae29ed547d83d,2,3,3,3,3,2,2,2,3,3,3,2,3,2,2,2,3,3,3,3,2,3,3,3,2,2,3,3,2,3,3,3,2,3,3,3,3,3,3,3,2,2,3,2,2,2,2,3
59c47412160b9f60a91c8ab957834434,4,4,4,4,4,3,3,3,3,4,3,3,4,3,3,4,4,4,4,4,4,4,2,3,3,2,3,3,4,4,4,4,4,4,3,4,3,4,3,3,2,2,3,2,3,3,2,3
c73d2b1832ee16136b6f3cfe2a596416,4,3,3,4,4,4,2,3,4,4,3,3,4,1,1,3,3,3,3,3,3,4,4,3,4,2,4,2,4,4,4,4,4,4,3,4,1,2,4,3,1,1,4,4,3,3,1,4
2c7048946097aef5bc1b96cc53585489,4,4,4,4,4,4,4,4,2,2,2,2,2,3,3,2,3,4,2,1,1,3,3,3,2,2,3,4,3,3,3,2,4,2,3,2,3,4,2,2,4,2,2,1,3,4,1,3
a3e14e65e476c7909c598caca78d5347,4,3,4,3,2,3,3,3,3,4,4,4,4,3,4,3,3,3,4,4,3,4,3,4,3,3,3,3,3,3,3,3,3,3,3,3,2,3,2,3,2,3,3,3,3,3,3,3
db7e782a9fff3e31b62da6070ef84291,3,3,2,3,1,3,3,3,2,3,3,3,3,3,3,3,3,3,2,3,3,3,4,3,2,3,4,3,2,3,3,3,3,3,3,3,2,3,3,2,3,2,3,2,4,2,3,3
0a0d2654f29124f545c8828e61b12cd8,4,4,4,4,1,3,2,4,2,2,3,3,3,1,3,1,2,2,2,4,2,4,3,3,3,4,3,3,2,2,2,1,2,2,2,2,3,3,4,4,2,3,3,3,3,3,3,3
bc8976403f92d339ffdbff2d23818be4,3,2,2,3,2,2,2,2,4,4,3,4,4,2,4,4,4,3,2,4,3,3,2,3,4,3,3,2,3,3,3,2,3,3,2,3,2,3,3,1,1,1,3,1,3,1,4,4
fa9ffcb00896f30e241fa786b45e44d0,3,3,2,2,2,3,2,3,3,3,3,3,3,3,3,3,4,3,3,3,2,4,4,4,3,3,3,2,4,3,3,2,3,3,1,2,3,2,2,3,1,1,3,2,3,2,3,3
23ace5d14495a578b82e4f9fa8ef81da,4,4,4,3,1,4,1,1,1,1,1,1,1,1,1,1,4,1,4,2,1,1,1,3,1,3,3,2,3,3,4,1,1,1,2,4,3,4,3,4,1,4,4,1,1,1,1,1
6814d1bbfe1f642d7754db4310897771,3,2,3,3,2,3,2,3,3,4,3,3,4,2,3,2,2,2,3,4,1,4,4,2,3,2,3,3,3,3,4,2,2,3,2,2,4,4,2,3,1,2,4,2,2,2,2,3
ee18229e2fee5bc9e24cc34229389079,2,3,3,2,2,3,2,3,2,3,2,3,3,2,3,2,3,3,2,3,2,3,3,3,3,3,3,2,3,3,3,3,2,3,2,3,3,2,3,3,2,3,3,3,2,3,3,3
75bd1842d83d5b232d78af544d1b1562,3,3,3,3,2,3,4,3,3,4,4,4,4,4,4,4,4,4,4,4,4,3,3,3,3,3,3,3,3,3,3,3,3,3,3,3,4,4,4,4,4,4,4,4,4,4,4,4
ca769fcb3f87299a802d03fb466b233a,3,4,3,2,3,2,1,1,1,4,2,1,4,1,1,1,3,4,4,3,1,4,3,4,1,3,4,1,3,4,3,1,1,1,1,1,4,1,1,4,1,1,4,1,1,1,1,4
583a1a1d23dd38fb3b705b1aaaf242de,3,3,3,3,1,2,2,3,2,3,3,4,4,3,3,3,3,2,3,2,2,3,2,2,1,2,3,3,3,4,4,3,2,2,2,3,3,3,2,2,1,1,3,2,2,2,4,3
40f27a4dabdb5fb5ad180b6d8b35f603,4,4,4,4,1,3,3,2,4,4,4,3,3,2,2,4,3,3,3,3,2,3,2,3,4,2,4,4,4,4,4,4,3,4,3,3,3,3,3,3,1,1,4,3,2,4,2,4
019acd030e0cdf674dda03e2a8ca4369,3,3,3,3,2,2,2,3,4,3,2,2,4,2,1,1,3,3,3,2,1,2,2,3,2,1,1,2,3,3,4,2,1,2,2,1,4,2,4,3,1,1,3,3,1,1,1,3
d2cbecf98ecf5cedc5bc4a7424a9b45b,4,4,4,1,2,4,2,2,4,4,4,3,4,4,4,2,3,4,3,3,3,4,1,3,3,4,4,4,4,4,4,2,2,2,2,2,4,4,3,4,1,1,3,1,1,2,3,4
f8b14f2f4a8cf03bfa6f6015edf67fa4,3,3,3,3,1,2,2,2,3,3,2,2,3,2,3,3,3,2,3,3,2,4,3,4,3,3,3,2,4,3,4,2,3,3,2,4,3,3,3,3,1,3,3,4,1,2,3,2
93b07b2e74219fd9d4a8258387777331,4,4,4,4,1,4,4,4,4,4,4,4,4,1,4,4,4,4,4,4,4,4,1,4,1,4,4,4,4,4,4,4,4,4,4,4,4,4,4,4,2,3,4,4,4,4,4,4
a57c29d7c57ec1482b0153faabbcdc83,4,4,4,4,3,3,4,3,4,4,4,4,3,3,3,4,4,3,4,2,3,3,3,3,3,4,4,4,4,3,4,4,4,4,4,4,4,4,3,1,3,4,3,4,4,4,4,4
2b9c05028e9f87bb21b1305bf3208d7a,4,1,4,4,4,4,2,1,4,4,4,4,4,1,3,1,4,2,1,1,1,4,4,4,4,2,3,3,3,4,4,4,4,1,1,1,2,4,1,4,4,3,4,2,4,4,4,4
f2fcad797511767c3f070cf9ea15d5b2,2,1,3,3,1,1,1,2,2,1,4,2,1,1,1,1,2,2,3,2,1,3,3,2,3,3,3,2,2,3,2,2,1,2,2,2,3,3,1,4,1,3,2,2,4,2,3,3
b2649fdf2e1a530529735f6a297d2323,3,3,2,2,2,3,2,2,3,3,2,2,4,3,3,2,2,2,3,2,2,3,3,3,3,2,2,2,3,3,3,3,3,3,2,2,3,3,3,3,1,1,4,2,2,2,2,2
bcfbd3f8f69a013ed4fb0784088de7ff,3,2,3,2,3,3,2,3,3,3,2,2,3,2,2,3,2,3,3,3,2,3,3,3,3,3,3,2,3,2,3,2,2,2,2,3,3,3,2,2,1,1,3,3,3,3,2,2
ed24364797978f661338b50865cd1236,2,2,3,3,3,2,3,3,3,3,3,2,3,2,2,3,3,3,3,3,2,2,3,3,2,3,2,3,2,3,3,3,3,3,2,2,3,2,3,3,3,3,3,3,2,3,3,3
35b551a830ef9b78aed0c2d2cefdc9bd,3,4,4,3,3,3,2,2,1,2,3,3,4,2,3,1,3,1,4,1,3,4,3,1,3,3,3,3,3,3,3,3,3,3,3,2,2,3,2,3,3,2,4,3,2,3,3,2
49135199bfc3943f78910386dabcd423,1,3,2,3,1,2,1,2,2,2,2,1,2,1,1,3,3,3,4,1,1,4,4,1,1,3,1,2,2,3,4,2,2,2,4,4,2,3,3,3,3,2,3,2,2,1,1,1
4a0b194c35027203f99e2d2c7e7b6213,3,4,4,3,1,3,2,1,3,4,3,4,3,2,4,3,3,2,4,4,3,2,1,4,2,2,4,4,4,4,4,2,4,4,4,3,4,4,1,1,1,3,2,3,3,3,3,3
f042e7c1b1fb21318ea0608eb40f0120,3,2,3,3,3,2,2,2,3,3,2,2,3,3,2,2,2,2,3,3,2,4,2,3,4,2,2,2,3,2,4,3,2,3,2,3,2,2,3,2,2,3,3,2,2,2,2,3
fa5b3a5211c7df0685492e45302a8815,2,3,2,3,1,1,1,1,1,3,2,2,2,1,2,3,3,3,2,1,1,3,2,3,1,1,2,1,1,1,1,1,1,1,1,1,1,1,1,1,1,1,2,2,2,1,2,1
d7663e4ff7fdaece43963e64331f5525,3,3,3,2,2,3,4,2,4,4,2,4,2,2,3,3,3,3,3,4,2,4,3,3,4,3,3,3,3,4,4,4,4,4,4,4,2,3,2,3,1,2,3,3,2,3,3,3
9205274bf160759a7a27928b718b82d9,4,4,1,1,1,4,3,1,1,4,4,1,4,4,4,4,4,4,1,4,4,4,1,4,4,4,4,4,4,4,4,4,3,4,4,4,4,4,2,1,4,2,4,3,1,3,2,4
468ef38d4daef73281670aa0a8110a1a,2,1,3,2,2,3,1,1,3,4,2,3,1,1,3,1,1,4,3,1,3,3,4,4,3,1,1,2,3,1,3,2,2,2,2,2,2,1,3,3,1,1,4,1,1,1,1,3
c5721f60eac3a50a10fc9a59881aac29,1,4,1,1,1,4,1,1,1,1,4,4,4,1,4,1,1,4,1,4,4,4,1,4,4,1,4,4,4,4,4,1,1,1,1,1,1,1,1,1,1,1,1,1,1,4,4,4
c9febcf368ffb0af2ec61cde63302683,2,2,2,2,2,2,2,2,2,2,2,2,2,2,2,2,2,2,2,2,2,2,2,2,2,2,2,2,2,2,4,4,4,4,4,4,4,4,4,4,4,4,4,4,2,3,3,3
34a57f4705fa2af6bfc354453ff4f432,3,2,3,2,2,2,2,2,2,2,2,3,4,3,2,3,2,3,2,2,2,3,3,3,2,3,2,2,2,2,3,3,3,3,3,3,3,2,3,3,1,2,4,3,4,2,2,3
ffc7749aa8337fadddcbd42d9cf6e5ec,4,4,4,4,1,4,3,4,4,3,3,4,2,3,4,3,4,4,4,4,4,4,3,4,3,4,4,4,4,4,4,4,3,4,4,4,2,3,3,3,2,4,3,3,4,4,4,4
35b2c5e191dd8ae5b79c9c57c6be2345,3,3,3,2,2,2,2,3,2,3,2,2,3,2,3,2,3,3,2,3,2,3,2,3,3,2,3,3,3,3,3,3,3,2,3,3,2,2,2,3,1,1,2,1,1,2,2,3
