userid,srl_m_1,srl_m_2,srl_m_3,srl_m_4,srl_m_5,srl_m_6,srl_m_7,srl_m_8,srl_m_9,srl_m_10,srl_m_11,srl_m_12,srl_m_13,srl_m_14,srl_m_15,srl_m_16,srl_m_17,srl_m_18,srl_m_19,srl_m_20,srl_m_21,srl_m_22,srl_m_23,srl_m_24,srl_m_25,srl_m_26,srl_m_27,srl_m_28,srl_m_29,srl_m_30,srl_m_31
b84f9624c8d995c6b945afc898bd9973,3,4,4,4,2,2,1,1,4,5,4,4,4,4,4,2,4,4,2,4,4,4,3,2,4,4,2,3,1,1,1
481c56986ebae62c870b0da9bbafc5c6,5,4,5,4,5,4,5,4,5,4,5,4,5,4,5,4,5,4,5,4,5,4,5,4,5,4,5,4,5,4,5
0cebfa477ed3e2e0c5a3f9aa96c23698,5,5,5,5,5,4,5,4,5,5,5,5,5,5,5,5,5,5,4,5,5,5,4,5,5,5,3,3,3,3,4
3d606cd38291c1e5941bc1c37f84f216,3,3,3,3,3,3,3,3,3,3,3,3,3,3,3,3,3,3,3,3,3,3,3,3,3,3,3,3,3,3,3
c054e8c731029ce6d73c784213513b09,4,5,5,3,5,5,5,5,3,4,4,4,5,4,3,5,5,5,5,4,4,4,4,4,4,4,5,5,4,4,4
bebc49073c8a5def929612def946c281,4,4,2,3,4,4,4,2,4,4,3,4,4,4,4,4,4,4,4,4,4,4,4,4,4,4,1,1,1,1,1
a92f1708363527a34d93b0bc7840262c,4,4,4,4,3,3,3,3,3,3,3,3,3,3,3,3,3,3,3,3,3,3,3,3,3,3,3,3,3,3,3
379bbc4c2c728db0a249e8c4e6b621af,3,3,3,3,3,1,3,3,3,3,3,3,3,3,3,3,3,3,5,5,5,5,5,5,5,5,1,3,1,1,1
1361825bdeb54e5153e74389df8a2a10,3,3,3,3,3,4,3,3,3,3,3,3,3,3,3,2,3,2,3,3,3,3,3,3,3,3,3,3,3,3,3
d60df871c935791074fe3fc9c919b1e4,4,4,4,4,4,4,5,5,4,4,4,4,4,4,4,2,3,2,4,3,4,4,4,4,4,4,3,3,4,3,3
e5d4b572258708faa5eb1c382eaba86c,4,5,4,5,5,5,5,5,4,4,4,5,4,5,5,4,5,4,4,3,4,4,4,4,4,4,4,5,3,4,4
f65238cddaeec1be538e9c1a5990e48f,4,4,4,5,5,2,5,4,5,5,5,5,5,5,5,4,4,4,4,1,5,4,5,3,4,3,3,4,4,2,2
a5841e53cf792922ad8a7c033329f09c,4,4,4,4,4,4,4,4,4,4,4,4,4,4,4,4,4,4,3,4,4,4,4,4,4,4,4,4,4,4,4
f5fd1f70d1747238d53ec5ef722d68d7,3,4,4,3,4,4,4,4,3,4,4,4,4,4,4,3,4,4,3,3,3,3,3,3,3,3,3,4,4,3,4
b69c06f1f563ace3c69c7b32f2a6c850,5,5,5,4,5,4,5,5,4,5,4,4,5,5,5,5,5,5,5,5,5,5,5,5,5,5,5,5,5,5,5
5f1981994e777f8d76c45df9adfc8662,3,4,3,4,3,4,3,3,4,3,4,4,3,4,4,3,3,2,4,4,3,3,4,4,3,3,4,4,3,4,4
c07f5585e0746dbf1021e0534565fc94,5,5,5,5,3,2,4,3,5,5,5,5,5,5,5,5,5,5,4,3,4,5,4,4,5,4,2,2,1,1,1
b64ce7758b9f7e58f1ad8bbcf7811e7d,5,4,4,5,5,5,4,3,5,4,4,5,5,5,4,4,5,5,5,4,4,4,4,5,4,5,2,2,1,1,1
2979bd5d5a584c2aa70f4a434412bc2b,3,3,5,2,5,5,5,4,5,5,5,5,5,5,4,1,5,5,5,2,5,2,4,4,4,4,3,4,1,1,4
9feda7bbf2a2e9b1b6ed4a1daa538960,3,3,4,4,4,3,3,3,4,4,3,4,3,4,4,3,3,3,3,2,3,2,2,3,2,2,3,3,2,3,3
43f0e2e3fc7691c51613758e2b65928e,4,4,4,4,3,3,3,3,4,4,5,5,4,5,3,5,4,4,3,3,4,3,3,3,3,3,3,3,4,3,4
92c1e87578f7b00e26df9d0ad21c63da,3,3,5,4,4,4,3,3,4,4,4,5,4,5,4,4,4,4,4,3,4,3,3,4,3,3,2,3,3,4,5
479e88f02385c56f386d07d59f02a3b2,3,3,4,4,4,4,3,4,3,4,3,3,3,3,2,2,2,3,2,4,3,2,2,2,2,2,5,4,5,5,4
bd47306d1ab10377783e37d4d363e482,4,4,4,4,3,3,3,3,4,3,4,4,3,3,4,3,4,3,3,4,4,4,3,3,4,3,2,3,2,2,2
8f5bbf339fb86953ffe9148794fcc52a,3,3,3,3,3,3,3,3,3,3,3,4,3,3,4,2,3,2,3,3,3,3,3,3,3,3,4,3,4,4,4
641eaeb08588407b37b1c2c109b59761,5,5,5,5,3,3,3,3,5,5,5,5,5,5,3,3,3,3,3,5,5,5,4,3,4,4,3,5,3,3,3
27c8f93d752f0222aa211e0691cebee4,5,5,5,4,5,5,5,4,5,4,4,5,4,4,4,4,5,3,4,3,4,4,4,4,4,4,1,5,5,3,5
a6f51cc7deb4cb5c5f493747f0e6e3a5,3,3,3,3,5,4,5,4,3,3,3,3,3,3,3,3,3,2,2,2,2,2,1,1,2,1,4,4,5,4,5
ef42bcd3300605e66dc7f8c01f773dec,4,4,4,3,4,3,4,4,4,4,4,4,4,4,4,3,4,3,4,4,4,4,4,4,4,4,2,2,2,2,2
a23402a174a55c4211136df4425a724e,4,4,3,4,5,3,4,4,3,4,3,4,4,4,4,3,4,3,3,3,4,3,4,4,3,4,3,3,3,2,2
0307ea84b89fceab3b507fec1900ce7e,4,5,5,4,4,3,3,3,3,5,5,4,4,5,4,4,4,4,3,3,5,4,3,3,3,3,3,3,3,3,4
4f9f1b81a07e3a192853ab1099a68fca,3,3,4,3,3,4,4,3,3,4,3,3,3,4,2,2,3,2,4,2,4,1,2,3,1,3,4,4,5,3,4
a3891cc21e1dd0051caa212b95c928f0,4,4,5,4,5,3,3,3,4,4,3,4,4,4,4,4,4,4,2,3,2,3,2,2,2,2,4,4,4,4,3
be9c58e4a639094d9f2c8bfec91afc16,4,4,5,4,4,3,5,4,3,5,4,4,5,4,4,4,4,4,3,2,4,2,2,3,2,2,3,4,4,5,5
82641bcdf4d62d9f473022a2bee912d4,4,4,4,4,4,4,2,4,3,5,4,5,5,5,4,2,4,2,4,2,5,2,5,5,2,4,5,5,5,5,5
4e3519d7eafbfccdae231756fcf2ce9c,3,4,4,3,5,5,5,3,5,5,5,5,5,5,3,4,3,3,3,3,3,3,3,3,3,3,4,4,5,5,5
604adb5a2ffd0f8313a8b6f1da784ba5,4,4,4,4,4,3,4,3,4,4,4,4,4,4,4,3,4,4,3,4,4,4,3,3,4,4,2,4,3,2,2
dd48bc0174c3ca2370b0a49c2bd6fa82,3,3,3,3,3,3,3,3,4,4,4,4,4,4,3,3,2,2,2,2,2,2,1,2,2,2,2,2,2,2,2
2bd3b13fa417ca0970aa75e44af86549,4,4,3,1,5,5,4,1,4,4,2,3,3,3,4,3,3,3,4,5,5,5,4,4,4,4,1,3,1,1,1
f8bb7ed0860701686be0bcaad12dcee6,5,5,5,5,5,3,5,3,5,5,4,5,4,5,5,5,5,5,5,4,5,4,4,5,4,5,3,3,4,3,4
f081b3cddc1a85f07c2560673f28547f,4,4,5,2,4,4,3,3,3,4,4,4,4,4,4,2,4,4,4,2,4,2,3,4,3,4,4,5,4,2,2
a6a0726e8604766b4636749d9203842b,4,3,3,4,2,4,5,5,4,4,3,5,3,4,5,4,5,4,3,2,4,3,2,2,3,3,5,5,5,5,4
ef3a6cc38845548b4329271ac48d638d,2,2,3,2,4,3,2,2,2,4,3,3,3,4,4,5,4,5,2,1,4,2,2,2,2,2,4,3,2,4,3
6df42c634fbdd9f3c1a33219e89e4939,5,4,5,5,3,3,2,3,4,5,5,5,5,5,4,4,4,3,2,5,4,4,3,3,2,3,1,3,3,5,5
86348207eecbbfef7db739a2f6595e18,1,1,5,1,5,5,5,5,5,5,3,5,4,3,3,3,3,3,5,1,5,1,3,3,4,3,4,5,5,5,3
6d5a2a59f6f376602a835fe57c70455b,4,4,5,4,3,3,3,3,5,5,4,5,4,5,4,4,5,5,3,3,4,4,3,3,4,3,4,4,3,3,3
acc2ce1e332284a8a55fb7e2fd8bf7c3,3,3,3,2,3,3,3,2,2,3,3,3,3,3,3,3,3,3,3,3,3,3,3,3,3,3,2,2,1,1,2
a0dce576762dccbadb3476bad1732c82,4,4,4,5,5,5,5,5,4,4,4,4,4,5,4,3,4,4,4,4,5,4,3,4,4,4,5,5,5,4,4
4c2a6bec22f436e1b14bbefa24443b4d,5,5,5,5,5,5,4,4,4,3,4,5,5,5,5,5,5,3,4,4,5,4,5,5,5,5,2,2,2,2,2
87959ef435c61f280e3402229c796940,5,5,5,4,5,5,5,2,5,5,5,5,5,5,5,5,5,5,5,5,5,5,5,4,5,4,1,1,3,1,3
ca7f48cb0d61ed7c967adf1a0010367e,4,4,4,2,5,5,5,2,3,4,4,4,3,4,4,4,4,3,3,4,4,3,3,3,3,3,3,3,2,1,2
c3b33b73130d1e4649f10117f7508195,4,4,4,4,4,3,3,3,4,3,4,4,4,4,4,4,4,3,3,3,3,3,3,3,3,3,2,3,2,2,2
95289197f5de3bb81c7622133a0199ee,4,4,4,4,5,4,5,5,4,4,5,5,5,5,4,4,4,4,5,4,4,4,4,4,4,4,3,3,3,3,3
deab088838618d0f80db74ae4a277269,4,3,3,3,3,3,3,3,3,3,3,3,3,3,3,3,3,3,3,3,3,3,3,3,3,3,3,3,3,3,3
b1dfc5c6ec04d46d1823c5fa972ad320,5,5,5,5,5,1,5,5,5,5,5,5,5,5,5,5,5,5,5,5,5,5,5,5,5,5,1,5,1,1,1
9b430de7406c68bb31fd726c99ac3558,3,3,3,3,3,3,3,3,3,3,3,3,3,3,3,3,3,3,3,3,3,3,3,3,3,3,3,3,3,3,3
76fa75f0e9cd794207dda975ca84dfb3,5,5,5,4,4,4,4,5,5,5,5,5,5,5,5,4,5,5,4,5,5,5,5,5,5,5,1,5,2,1,1
77174b6a21fc52977ea8a50f8e325beb,4,4,5,5,3,3,4,3,4,5,4,5,4,5,4,4,4,4,3,3,5,3,4,4,3,3,3,4,2,2,4
60085c119be41ce2a56c2576583d821c,4,4,4,4,3,4,5,3,5,5,5,5,4,4,4,4,5,5,4,4,4,4,5,5,3,4,1,2,2,2,1
b3544e076d49acb0dd2af969419895f0,4,4,5,2,5,5,5,4,5,5,5,5,4,5,3,2,3,2,2,2,3,2,2,2,2,2,2,5,5,3,5
e4f677ad43c84ada8abc579c6abf9aee,5,3,4,3,5,4,4,3,5,5,5,5,5,5,5,5,5,5,5,5,5,5,5,5,5,5,2,3,1,1,1
32e7400bb54ff66588587d2f2b1b22c2,5,5,5,5,5,5,4,5,5,5,5,5,5,5,5,5,5,5,5,5,5,5,5,5,5,5,1,3,1,1,5
af4a88df59c0df41ee7fca0ca57fba3a,3,3,3,3,4,4,3,3,4,4,3,4,3,4,3,4,3,3,3,2,4,3,3,3,3,2,4,3,4,3,4
59d4d32d1adaab3ed5ecbf5ca9d728ca,4,5,5,4,3,1,3,3,5,5,5,5,5,5,4,4,5,2,3,5,5,5,3,3,5,5,1,4,1,1,1
5d83718570cad6c421fc5c9e9b80159e,3,3,3,3,3,3,3,3,3,3,3,3,3,3,3,3,4,4,1,1,1,1,1,1,1,1,4,4,4,4,4
3d2fd5b219300a9aee7b21887a24c539,5,5,5,5,5,4,5,4,5,5,5,5,5,5,5,5,5,5,5,5,5,5,5,5,5,5,2,4,5,4,4
93229bfed1b03a573e6139c21fc4e5c7,3,3,4,4,5,5,4,2,3,5,3,4,3,4,4,3,4,4,3,4,4,4,3,3,3,3,4,3,5,4,3
9879db96946fbb8a3e255ab8815c577e,5,5,5,5,5,5,5,5,5,5,5,5,5,5,5,5,5,5,4,4,5,4,4,5,4,4,3,4,4,4,3
579c29c5407ed999b692374653d25a61,4,4,5,3,3,3,3,3,4,4,4,5,4,4,4,4,4,4,4,3,4,4,4,4,4,4,2,4,3,3,2
320c71e05fde5152c26575798bfeb953,5,5,5,4,4,4,5,5,5,5,5,5,5,5,5,5,5,5,4,4,5,4,4,4,4,5,2,1,2,1,4
1d6a9b03150137d40a4b024518aa0fa6,3,4,4,5,4,2,3,2,5,5,4,5,4,5,5,5,5,3,3,3,4,2,2,2,2,2,3,4,4,2,3
d5a1f82d20610cfc2ee2df22e16ad238,4,3,5,4,4,3,5,2,5,4,4,4,3,4,4,4,5,4,4,4,5,4,3,4,4,4,1,4,2,3,1
ef64bcdb755a678ecea401b713fee614,4,5,4,5,2,1,2,1,4,5,4,5,4,5,3,4,3,2,3,4,3,4,4,5,4,4,1,1,1,1,1
3e5fd8ec3f352d90ff3906ae403ebeac,5,4,5,4,5,2,4,3,4,5,5,5,5,5,4,5,5,4,4,3,4,4,4,4,3,4,1,2,1,1,1
f79d398d62d5eaff8d7b1f9f6aaf65ab,3,3,3,3,4,4,4,3,4,4,3,4,3,4,4,3,4,3,4,4,4,4,3,3,3,4,2,3,3,3,4
cb75e24ff92bb3f07f0051b945d5295b,3,3,4,3,4,3,4,3,3,4,3,4,3,4,4,4,4,4,4,3,4,3,4,4,3,4,3,3,3,3,3
0c7b9053af0850d3eaa8b61de50a26cd,5,5,5,3,5,4,5,5,5,5,5,5,5,5,5,5,5,5,5,5,5,5,5,5,5,5,2,2,2,2,2
4e4fc034dea12369dc5de555ad478a07,4,5,4,4,4,3,4,3,4,4,4,5,4,3,5,3,4,3,4,4,5,4,4,4,4,5,3,4,2,1,2
7359eff18cfd86cf045a149530e26627,2,2,3,2,4,4,3,2,2,2,2,2,2,2,2,2,2,2,2,2,4,2,2,2,2,2,3,3,3,3,3
64d3bd3b339f63a66b8c878b561551d8,2,2,4,4,4,2,4,3,3,5,3,3,3,5,3,4,3,3,2,2,3,2,2,2,1,2,5,5,5,5,5
3723be496725be52bc640fd39aea51e6,2,2,3,1,3,3,4,2,4,3,3,3,3,3,3,3,4,4,3,1,1,1,1,3,1,1,2,4,4,4,4
5104564f160fb05b4b79bbdb09c03c4f,4,4,5,2,3,2,4,3,5,5,4,5,4,4,4,4,4,4,4,3,4,3,3,3,3,3,2,3,3,3,3
f1641addf883c1130a801d06d07eef4c,4,4,3,3,4,5,5,3,1,3,1,5,1,4,4,1,1,1,2,2,3,1,1,2,1,2,3,3,4,4,5
97ff350207ca6a952e2b62129e0549f0,4,3,4,3,3,4,3,3,4,3,4,5,3,3,3,3,3,3,2,3,4,3,3,2,3,3,3,2,3,2,3
6a574b00e6da1dad01065f3d90738721,4,4,4,4,4,4,4,4,5,4,4,4,4,4,4,3,4,4,4,3,4,3,4,4,3,4,1,3,4,4,4
b7848fb18dbf386464e7cb7c37758241,3,3,3,3,2,2,2,2,4,3,3,4,3,3,3,2,3,2,3,3,4,3,3,3,3,3,2,2,2,2,2
6ae71a054e9a503a1f0950de131833a2,4,4,4,4,3,3,4,1,4,4,4,4,4,4,4,4,5,4,3,3,4,2,3,3,3,3,1,4,1,2,3
6f07da24588ef7be16618bbe848d2aa6,4,4,4,3,3,3,5,3,4,5,4,4,4,4,4,4,4,4,4,4,4,4,4,4,3,4,2,4,3,2,3
d5d6ef4cf638f306e8948582b7662c45,4,5,5,3,4,3,5,3,5,5,5,5,5,5,5,5,5,5,4,3,5,3,3,4,4,4,4,5,3,4,4
98a2576c48530076abcaf557f266efd9,5,5,5,4,4,3,2,4,5,5,3,4,4,4,4,3,4,3,3,5,3,4,3,3,3,3,3,2,1,2,1
92f1d409e9283fc62ebc7d59279f15c3,3,3,4,3,3,3,4,3,3,3,3,3,3,3,3,3,3,3,3,3,3,3,3,3,3,3,3,3,3,3,3
f0c4f08113a2bc5a9275dd881c616a92,4,3,3,3,4,4,4,3,3,3,3,3,3,3,4,4,3,3,3,3,2,2,2,3,2,3,4,4,4,4,4
a2dc2d0036c53b22cb9fb6bc280809f5,4,4,4,4,4,4,4,4,4,4,3,5,4,5,4,5,5,4,4,3,5,5,5,3,4,4,4,5,4,4,5
f83882e0705489c3c0514fe226fdda4f,4,5,3,4,3,2,1,3,4,4,3,4,3,4,4,3,4,4,2,2,5,2,2,3,4,3,2,4,4,3,3
8e72970e2fdad1fa564d800ba15d72c4,4,4,5,4,4,4,3,2,3,4,4,4,4,4,3,3,3,2,2,3,3,3,2,3,3,3,3,3,3,3,2
c2e15430ed832457c780c948b21c37ec,4,3,5,3,5,5,5,3,4,5,5,5,5,5,5,5,5,5,5,4,5,5,5,5,4,5,1,2,1,1,1
321fe53fdc9f70e4d17930e03cbd49e7,5,5,5,5,2,2,4,2,3,4,4,4,3,5,5,3,3,3,3,5,5,5,3,4,5,4,1,3,1,1,1
65e452ca8afdf0ba6a8cbc4af63da728,3,4,5,5,5,1,5,2,3,4,3,5,5,5,5,5,5,5,5,3,5,3,5,5,4,5,1,1,1,1,1
02d679ad650962b6ae8bf8adbeeb33c1,3,3,3,3,3,3,3,3,3,3,3,3,3,3,3,3,3,3,3,3,3,3,3,3,3,3,3,3,3,3,3
cdac3b51658dd26dd9cb7a70260f9af5,5,5,5,5,4,3,4,2,5,4,5,5,5,5,5,5,5,5,5,5,5,5,5,4,5,5,4,2,3,4,5
3750e5317d2967d407e66236ad3b7ab5,4,4,4,4,3,3,3,3,4,4,4,4,4,4,5,5,5,4,4,5,5,5,4,4,4,4,2,2,3,3,3
8b1862b185a8d8e375ab781e55e3c39a,5,5,5,5,5,4,5,4,4,5,4,5,5,5,5,4,5,4,5,5,4,4,5,5,4,5,5,4,4,3,3
d21e4243dd618580580846f676c2b85a,4,4,4,4,3,5,4,4,5,4,4,4,4,5,5,4,5,4,4,4,5,3,3,4,4,4,3,4,3,3,3
cdbfa9161999c800653297110253d07b,3,2,4,2,5,4,5,5,4,5,3,5,3,5,3,2,2,1,3,2,3,1,1,3,2,3,5,5,5,5,4
a5b8d98aa354c067a53ec0d55a2ae574,3,4,4,4,4,3,2,3,3,4,4,4,4,4,3,3,3,3,3,2,3,3,3,3,3,3,4,4,4,4,4
3ffc472463f45e721eba888c571801f9,5,5,5,5,5,5,5,5,4,4,4,4,0,4,4,4,4,4,5,4,5,3,4,5,4,4,2,4,4,3,3
a950b5467cb42eff9068dbf2b750dcfa,5,5,5,5,5,5,5,5,5,5,4,5,5,5,5,5,5,5,5,5,5,5,5,5,5,5,1,2,1,2,3
2b2a0982179d48f1e8630edb15558915,4,4,5,4,3,3,4,3,5,4,4,4,3,4,4,3,4,5,3,3,4,4,3,4,4,4,2,4,2,4,5
f2f24051b519e7d15fd74ed33cdb6525,4,4,0,4,4,4,4,4,4,4,4,4,4,4,4,4,4,4,4,4,4,4,4,4,4,4,4,4,4,4,4
78e175e4b4cfb1c8883057ae97600a46,5,5,5,5,5,0,5,5,5,5,5,5,5,5,2,3,4,3,4,5,5,5,5,4,4,4,1,1,1,1,1
f8497771742a7af3d98553098582bd34,4,4,4,4,4,4,4,4,4,5,5,5,5,5,4,3,4,4,3,3,4,3,4,4,4,4,2,4,2,4,2
ab998df4d024048983a08f5b0ef8f202,4,4,0,4,5,3,5,5,5,5,5,0,5,5,4,4,4,4,4,3,4,4,4,4,3,4,2,4,4,3,4
48245f5393e9819cc5465f00ad214e1b,3,4,4,4,4,4,4,4,2,3,4,3,3,3,4,4,4,4,3,4,4,4,3,3,4,4,2,2,2,4,2
43614526a6c8258926cdad20e022d95b,3,3,3,3,5,5,5,4,3,3,3,3,3,3,3,3,3,2,4,3,5,3,4,4,3,3,3,4,5,4,5
3d460d9f6feb1d3f9e142cd844343e0b,3,3,3,3,2,4,4,2,4,4,3,4,3,4,3,4,3,3,4,4,4,4,3,4,4,4,3,3,4,3,3
bbe1e5cbf6a295ea505116e51e54826c,3,3,3,3,3,3,3,4,3,4,3,4,3,4,4,4,4,4,2,3,4,4,3,3,3,4,3,3,3,4,4
25530cbca34fd5b1afc5a985147c66e1,4,4,4,4,4,4,4,4,4,4,4,4,4,4,4,4,4,4,4,4,4,4,4,4,4,4,3,3,3,3,3
19056c5976e9a570a9d075ffd241dc8c,5,5,5,5,5,4,4,4,5,5,5,5,4,5,4,4,3,3,4,3,3,4,4,4,3,4,2,5,3,2,4
3e7fcab5c8f636064e5b25c6abacb4bf,0,4,4,4,3,3,3,3,4,4,3,4,3,4,4,4,4,4,3,3,4,3,3,3,3,3,3,3,3,2,3
62fec5651a73c2199c3ecd2016b401ad,4,4,4,4,4,4,4,4,4,4,4,4,4,4,4,4,4,4,4,4,4,4,4,4,4,4,2,2,2,2,2
b5393db86f04cff048fbfad5342bf6d2,4,3,4,3,4,3,3,3,5,5,4,5,4,4,4,4,4,4,4,4,4,4,4,0,4,4,3,4,4,3,3
7ac415f65664aa5dd3c25c2dcd519af1,3,4,3,2,4,5,4,5,5,5,5,5,5,5,5,2,5,2,3,3,4,2,3,2,4,3,4,4,4,4,4
129ddde18a68ca2abcdc3dfed2193e8d,4,4,5,4,5,3,5,3,5,5,5,5,5,5,5,5,4,5,5,5,5,5,5,5,5,5,1,3,2,1,1
193d4fd1d794b5f85e8d69d85318f053,3,4,4,4,4,4,4,4,4,4,4,4,4,4,4,4,4,4,4,4,4,4,4,4,4,4,3,3,3,4,4
d8a7f0e703428eb3c7fcfdc093dc4e61,3,3,3,3,3,3,3,3,3,3,3,3,3,3,4,4,0,4,3,3,4,4,3,3,4,4,4,4,4,4,4
ea45fca27cd732f025765bae5fbad81e,3,4,3,4,4,0,4,4,3,4,4,4,3,4,4,4,4,4,3,2,4,3,4,3,3,3,4,4,5,3,3
ea04e6e76c69e6d96f084a5a54770688,4,4,4,4,4,4,4,4,4,4,4,4,4,4,4,3,3,4,3,3,4,4,3,3,3,3,4,4,3,3,4
234c16857c59d7cade139c6457200b6a,4,4,4,2,4,4,4,3,4,4,4,5,4,5,4,3,4,3,3,4,4,3,3,3,4,4,3,4,4,3,3
9e4aed84a5c53a17c29d570ac527ce0a,3,3,3,3,4,5,5,3,4,4,4,4,4,5,4,4,4,4,4,3,5,4,3,5,4,5,2,4,4,4,4
cbee50df44af40b3865afd033d2e2fd2,5,4,3,5,3,2,4,2,4,3,3,4,4,4,2,4,4,3,5,5,5,4,5,5,5,4,1,5,1,1,4
38072b9ea3fd99917b417c1ee712de83,5,5,5,5,5,5,5,3,4,4,4,3,3,4,4,4,4,3,4,4,4,4,4,4,4,4,2,3,2,2,2
559d8cca791d0ad9ac79d4d309d9c7c3,5,5,5,4,5,3,4,4,4,5,4,5,4,4,4,4,4,3,4,4,5,4,4,4,4,4,1,4,3,4,3
9fdc1083486fd8a677d32fa2f848317c,4,4,4,4,2,2,3,2,5,5,5,5,5,5,5,4,5,4,3,2,3,3,2,2,4,4,2,2,3,3,1
92fcd7a854eb341782743e532e0a7914,3,4,4,3,4,4,4,4,4,4,4,4,4,4,3,3,3,3,4,3,3,4,3,4,3,3,3,3,2,3,4
c5d3e9cf5b5209fff8f2a41e8b2d41c7,4,3,3,3,3,3,4,2,4,4,4,4,4,4,4,2,3,2,3,3,4,4,3,4,3,3,3,4,3,3,3
80be0f3478e6b7602d439c9c92b4f62a,4,4,3,3,4,4,4,4,4,4,3,4,3,4,4,4,4,4,4,3,5,2,4,4,3,0,4,4,4,4,4
9726a91e5bb238f6a05e657adb40738c,4,4,5,3,5,5,5,5,3,4,4,5,5,5,5,4,5,4,5,5,5,5,5,5,5,5,4,3,4,3,3
c8aca66b7f628ee9972477622f89592c,3,3,4,3,4,3,4,4,3,3,3,3,3,3,4,3,4,3,3,3,3,3,3,3,3,3,3,3,3,3,3
6c8d0f74f8332323d0e46da1ec7d9afd,4,4,4,4,4,4,4,4,4,4,4,4,4,4,4,4,4,4,4,4,4,4,4,4,0,4,3,3,3,3,3
a457518f33a1a7e9d835c28bfe66327a,3,3,5,2,5,5,5,4,4,4,4,4,4,4,5,4,5,3,4,4,4,3,4,4,4,4,2,3,2,2,2
0c954a3dd67f4cddc79bc2c80479b302,4,4,4,4,4,4,4,4,3,0,4,4,4,3,4,3,3,4,4,4,4,4,4,4,4,4,4,4,4,4,4
78ed069a3a944d4463d39ffa74138614,4,5,4,3,4,3,5,2,4,5,4,5,4,5,3,3,3,4,4,3,5,4,4,4,4,4,3,4,3,2,4
8e3b87ff984dbaf691a0f32754006956,3,3,4,3,4,3,3,3,4,4,4,4,4,4,4,3,4,4,4,3,4,3,4,4,3,4,2,2,2,1,2
798c80d80b22180369817438da6533fc,4,3,3,4,4,3,4,3,4,4,3,5,4,4,4,4,4,4,4,4,4,4,4,4,4,4,2,4,4,3,4
096db99c63cfb79a7998e1ef5cea6210,3,4,4,4,4,2,3,3,4,4,3,4,3,4,3,4,3,2,2,3,4,2,2,3,1,3,4,4,4,4,3
34024522c588638da7de356d1b3129a7,3,3,4,4,2,3,3,3,4,4,4,4,4,4,4,4,4,4,3,2,3,2,3,2,1,2,4,4,4,4,4
ee18229e2fee5bc9e24cc34229389079,3,3,3,3,3,3,3,3,3,3,3,3,3,3,3,3,3,3,3,3,3,3,3,3,3,3,3,3,3,3,3
50833fc4f0545d915ee06bed8670743e,5,5,5,5,4,4,4,4,4,4,4,4,4,4,4,2,4,2,4,4,4,4,4,4,4,4,2,4,4,4,4
5b6ff8974f7849c3295a0e4b40f544ab,4,4,4,4,4,3,5,3,3,3,4,4,4,4,4,5,4,5,5,5,5,5,5,5,5,5,1,4,1,1,1
9b827e2a3e91f1ae4321e0ce7d322928,5,3,4,4,4,4,4,4,4,4,4,4,4,4,4,4,4,4,4,4,4,4,4,4,4,4,2,2,2,2,2
322a862b781ff2646b133939b63a9749,4,5,5,5,5,5,5,3,5,5,5,5,5,5,5,5,5,3,5,4,4,4,5,4,4,4,3,4,2,3,3
6fb626c4987ba6a4c496d8de3d09e6ae,4,4,4,4,4,4,4,4,4,4,4,4,4,4,4,4,4,4,4,4,4,4,4,4,4,4,4,4,4,4,4
6aab705667e7d55117a2a16f34259edc,4,4,3,4,3,2,3,2,4,3,4,5,3,4,3,4,3,5,4,4,4,4,4,4,4,4,3,4,2,3,3
4d40e87341d46284a12c9c71a11d7416,4,4,4,3,4,3,3,3,4,4,4,4,4,4,4,4,4,3,3,3,4,4,4,4,3,4,3,4,3,2,4
8f2e822507d6694953346075a22d646a,5,5,5,4,4,4,4,4,4,4,4,5,5,5,4,4,4,3,4,4,4,4,4,5,5,5,2,3,2,2,2
3e2eb97636481fc88a08eebda8a00eb5,3,3,3,3,4,3,4,3,4,4,3,4,4,4,4,4,4,4,3,3,4,3,3,3,3,3,2,4,3,3,2
1d2c0e7352e53eb88c848782f26c92f0,4,4,5,4,3,3,3,3,5,5,4,4,4,4,4,4,4,4,4,4,4,4,4,4,4,4,2,3,2,2,2
56b78bc935664e23f56f1874e13723b3,4,5,4,4,4,3,2,3,5,5,4,5,4,4,4,3,4,3,3,2,4,2,3,3,3,3,2,2,2,2,4
0eba5c6f653c53f97868dd5471c75fec,4,4,5,4,5,3,4,3,3,4,4,5,4,4,4,3,4,3,4,3,4,3,4,4,4,4,2,4,3,2,3
36ec508b9810ba3826cc8b28d311c0db,4,4,4,4,4,4,4,4,4,4,4,4,4,4,4,4,4,4,3,3,4,3,3,4,3,4,3,4,4,3,3
c888bd92ba873055951e8e75b4471e1e,4,4,4,3,4,3,4,4,4,4,4,4,4,4,4,4,4,4,4,4,4,4,4,4,4,4,2,2,3,2,3
65c9cd55272ec4d9b0ef84414a2ebd1e,4,5,4,5,5,4,3,4,5,5,5,5,5,5,4,4,4,4,3,3,5,3,3,4,3,4,2,4,4,3,4
27f3a3f271f518b9c7da33cadad46b62,4,5,4,3,5,4,5,4,4,4,4,5,4,4,5,3,5,2,5,4,5,5,5,5,4,5,2,4,2,1,2
191ffacebb44617ca8aea3e6c037a174,4,5,4,4,5,5,4,1,4,5,5,5,5,5,4,2,4,1,3,2,4,2,3,4,3,4,3,2,2,4,5
418ac27bd5c9fb20edd1e680005f4c92,4,4,5,4,4,4,4,3,3,4,4,4,4,4,3,3,3,3,3,3,4,3,3,4,3,3,3,4,3,3,3
dd699e1f9eea0f1b1297b73edf0f67e8,4,3,3,3,4,2,2,2,4,4,4,5,3,4,4,3,4,3,4,3,2,2,3,4,3,4,3,4,4,2,2
cfeb5998b239537c79a8afb36c7d07e4,3,3,3,3,4,4,4,4,4,4,4,4,4,4,4,3,4,3,3,3,4,2,3,3,3,3,3,4,4,4,4
54d44e0b20ba9c619cb578342b977e6d,4,5,5,5,3,1,1,3,4,4,4,5,0,4,4,4,4,2,1,1,4,2,2,2,3,3,3,4,4,3,2
913b71f7afa2444625da8178ad672c65,4,4,3,4,3,3,3,3,3,4,3,4,4,4,4,3,3,3,2,3,3,3,2,2,3,2,4,4,3,3,3
d92ecb75fcde4dbf20a318b41087c53e,3,4,4,3,4,3,4,4,4,4,4,4,3,4,3,4,4,3,3,3,3,3,3,3,3,3,4,4,4,4,4
9fed5a0822e7674f8ebd0fd47c0951da,4,5,5,4,5,5,4,5,5,5,5,5,5,5,5,4,5,4,5,5,5,5,5,5,5,5,2,2,2,2,4
7cc9a21915594af2e5aa8e019c7f52c9,5,4,4,4,4,4,5,3,3,4,4,4,4,4,3,4,4,4,4,4,5,4,4,4,4,4,2,4,4,4,4
ecc256bbe6aca0d38037e1bd63b00c53,4,4,3,3,4,4,4,3,5,4,3,5,4,5,4,3,4,3,3,3,3,3,3,4,3,3,3,4,4,3,3
6d6dab6dcbcb94e6d254fc0f14d5399c,5,5,5,4,4,4,4,4,5,5,5,5,5,5,5,4,5,5,5,5,5,5,5,5,5,5,2,3,3,3,3
eb7d20d695faea16715582115aad0c37,4,4,4,4,0,3,5,3,4,4,4,5,3,4,4,4,5,4,4,4,4,3,4,4,4,4,2,3,3,0,3
e31e19295ace911ea20e9fd00d4eee56,5,5,4,4,5,5,5,3,5,5,4,3,3,5,5,5,5,5,4,4,5,4,4,4,4,4,1,1,1,1,4
61cb155c84d2053b9923d8bd4bbfa179,4,4,4,4,4,3,3,4,4,4,4,4,4,4,4,3,4,4,4,3,4,4,4,3,3,3,2,2,2,2,3
caf96adedea36a1e9a3143b55f71beed,3,3,4,3,3,3,4,3,4,4,3,5,4,5,3,4,3,2,3,3,3,2,3,0,3,4,3,4,4,3,4
9497ffba69c7888bce4e80e896a775c0,5,5,5,3,5,4,5,3,5,5,4,5,4,5,5,3,5,4,5,5,5,5,4,5,4,4,1,2,3,1,3
760b65941d80cdd3b709ec0a6f6bf517,4,4,4,3,4,4,4,3,4,4,4,4,4,4,5,3,5,4,4,3,4,4,3,3,3,4,4,4,4,5,4
a210de37c0ce28ec510eb551ff949624,4,4,5,4,4,3,4,3,3,4,4,4,4,4,4,3,4,4,3,3,4,3,4,4,3,4,3,4,4,3,4
040813ab33e45cc57c5b3c2a3a5e5ff1,3,3,3,3,3,3,3,3,3,3,3,3,3,3,3,3,3,3,3,3,3,3,3,3,3,3,3,3,3,3,3
45063773a71d0b796ce10ee5e20473ae,2,4,4,5,2,1,3,2,4,5,4,4,4,5,4,3,4,2,3,3,4,3,4,4,2,3,2,4,3,3,2
cd1233f691e24539ff101a0cc62d7616,4,4,4,2,5,4,5,5,4,4,4,4,4,4,3,3,3,2,3,4,4,3,4,4,4,4,3,4,4,4,4
d2153decace6b76122abb0d2b616b2e2,4,4,5,4,4,3,4,3,4,4,4,4,4,4,4,3,4,4,3,3,4,3,3,3,3,3,1,3,3,3,3
ae297a94daddf4080494a9fa4e7eecda,4,4,4,4,4,3,4,4,4,4,4,4,4,4,4,3,4,3,3,3,4,3,3,3,3,3,2,3,1,1,1
3182e0e980aee2da0dd8bc39cf3b59bb,4,4,4,4,4,3,4,3,4,4,4,4,4,4,4,4,4,4,4,4,4,4,4,4,4,4,1,4,3,2,3
b67f08ea9b9e7e9911e15144f038bd3d,3,3,3,3,3,3,3,3,3,3,3,3,3,3,3,3,3,3,3,3,3,3,3,3,3,3,3,3,3,3,3
1eb5b71d6620d30f2768219e6ff0b654,4,4,4,2,5,4,4,5,5,5,5,4,5,5,3,3,4,2,2,4,4,4,3,0,4,4,3,3,3,3,3
d5d627848d3d514c6b534dbf242f20b7,3,4,4,3,5,5,4,4,4,5,4,5,5,5,5,4,4,3,4,3,4,4,3,3,4,3,3,4,3,3,3
07376c0e999c285d498c430418059de0,4,4,4,4,4,4,4,3,4,4,4,4,4,4,4,3,4,2,4,4,4,4,4,4,4,4,2,2,2,2,2
21b5ad58ee31f6e6e5fc4ee9fbab05a7,3,3,3,3,4,4,5,3,4,4,4,4,4,4,3,3,3,3,3,3,4,3,4,3,3,3,3,3,3,2,2
6c7ea17b19edee01e39075dfbd783085,2,2,4,3,4,3,2,3,4,4,3,4,2,4,4,4,3,3,2,2,4,2,3,3,2,2,4,4,3,4,4
d391820addb3fcad29eaccb3774f81b9,3,4,4,1,5,5,5,5,5,5,5,5,4,5,3,3,3,2,5,5,5,5,5,5,5,4,1,3,5,4,4
2ce542d10444443251e44a3a6dec6eb4,4,4,5,4,5,5,5,5,5,5,4,5,4,5,5,4,5,4,4,3,5,3,3,3,3,4,3,3,4,3,5
99f3080b05fd0a103b83e9c6bf3ee9a9,4,4,3,3,4,4,4,4,4,4,4,4,4,4,4,4,4,3,4,4,4,4,4,4,3,4,3,4,3,2,4
c1c28a94ac4fa24b91c537a648a89d51,4,4,3,3,2,3,2,2,4,3,4,4,4,3,3,4,3,3,3,2,4,3,2,3,2,3,2,2,2,4,2
4ddf5f5db7e19cc17b603ce8e8ff351f,5,5,5,5,5,5,5,5,5,5,5,5,5,5,5,5,5,5,5,5,5,5,5,5,5,5,1,3,4,3,3
2360852fcfec3ce90c573151f24adfd1,4,4,4,4,5,4,4,3,5,4,3,4,3,5,4,3,4,4,3,3,3,3,3,3,3,3,3,3,3,3,2
19ecb8185a0cef5d3d87a5d5d89fb1d1,5,5,5,4,4,4,5,5,5,5,5,5,5,5,5,4,4,4,5,5,5,5,5,5,5,5,1,2,1,1,3
a1b7e8f509e4764f2240c56cf5855e68,4,4,4,4,5,5,5,3,5,5,5,5,5,5,4,4,5,5,5,5,5,5,3,4,3,4,3,4,2,2,2
59c47412160b9f60a91c8ab957834434,4,4,4,4,4,3,4,4,4,4,4,4,4,4,4,4,4,4,4,4,4,4,4,4,4,4,3,4,4,2,4
33387545d6a3c0ee607abff19b75abc7,4,4,3,5,3,2,2,2,4,4,3,3,3,3,5,3,3,3,3,3,3,3,3,3,3,3,3,3,3,3,3
26a7d7505f05ed71817e2afec0b8d957,3,4,4,4,3,3,3,3,4,4,3,4,3,4,4,4,4,4,3,3,4,3,3,3,3,3,3,3,3,3,3
bed61885e3d7ca38dec377de7cae5683,5,5,5,3,5,5,5,3,5,5,4,5,4,4,5,5,5,5,4,4,5,4,4,4,4,4,2,3,4,4,4
6eaf54527df79db49356a26daba98656,5,5,5,5,5,5,5,5,5,5,5,5,5,5,5,4,5,5,4,4,4,4,4,4,4,4,2,2,2,2,3
c0296da2531bd101d1c7a597bfbe3055,4,5,5,4,4,3,4,3,4,4,4,4,4,4,5,5,5,3,4,5,5,5,5,5,5,5,4,1,4,1,1
334ae80553d0d9888c59436a747e6435,5,5,5,5,5,3,5,4,5,5,5,4,5,5,5,3,4,4,5,5,5,5,5,4,4,5,3,4,2,1,4
3e018e2078fe88dfd6c8c52bf425cfc3,3,3,5,4,5,4,5,4,5,5,5,5,5,5,5,5,5,5,4,4,4,4,4,4,4,4,4,4,5,4,3
14b40d138fb0d1e6d76b43d55611401a,5,5,4,5,4,4,4,5,5,5,5,5,5,5,5,5,5,5,5,5,5,5,5,4,5,5,1,5,4,4,4
213537eee9b97f1b39970a8d5cdce00c,4,4,4,4,4,4,4,4,4,4,4,4,4,4,4,3,4,3,4,3,4,2,4,4,4,4,2,2,2,2,4
633b46db3cea2ec83b4b196dcf9f7e76,4,4,4,4,4,4,4,3,4,4,4,4,4,4,4,4,4,4,4,3,4,4,4,4,4,4,2,3,3,2,2
a6458da9625c6ae288440bc3868952f4,4,5,4,4,5,3,3,3,4,4,4,4,4,5,5,4,4,3,5,4,4,4,4,4,4,4,1,2,1,1,1
c73d2b1832ee16136b6f3cfe2a596416,5,4,5,5,5,5,5,5,5,5,5,5,5,5,4,5,5,5,5,5,5,5,4,5,4,5,2,2,5,4,5
41364796890f9cffd068307dbdff9559,5,4,4,4,5,4,5,5,5,5,5,5,5,5,4,4,5,4,5,5,5,5,5,5,5,5,4,4,5,3,4
2c7048946097aef5bc1b96cc53585489,4,4,4,1,5,5,5,4,5,5,4,4,4,4,4,1,5,2,5,4,5,4,4,4,4,4,2,1,2,2,3
6673ff23881e8c0ef5aae29ed547d83d,4,4,4,4,4,3,4,4,4,4,4,4,4,4,4,4,4,4,4,4,4,4,4,4,4,4,2,4,2,2,2
71b53ea50ec02d28fc08843ead3717a0,4,4,4,4,5,5,5,4,4,4,5,5,4,4,4,4,5,4,5,5,5,4,5,5,5,5,4,4,4,2,2
89eba477e70f516a1c5ff979282d75ca,5,5,5,5,2,1,2,2,5,5,5,5,5,5,5,5,5,5,5,5,5,5,5,5,5,5,2,4,2,2,2
681a2ee5f3fe039c1d403fccb58a3a67,3,4,5,5,5,5,3,3,5,5,5,5,5,5,4,4,4,4,3,4,4,4,4,3,3,4,3,3,4,4,4
5747bb8136dcd0aa25e8f7763827db11,5,5,5,5,5,5,5,5,5,5,5,5,5,5,5,5,5,5,5,5,5,5,5,5,5,5,5,5,5,5,5
1c9caed4a46a7ebba3c2d2b284b364d0,3,3,4,4,3,2,2,3,4,4,4,4,4,4,4,4,4,4,4,3,3,3,3,3,3,3,3,4,3,3,3
12b9eba1adfb80bb4900d0f664d64729,4,4,4,4,4,4,4,4,4,4,4,4,4,4,4,4,4,4,4,4,4,4,4,4,4,4,4,4,4,4,4
c145b6354ca0fccea7eff4ba7fe131a6,4,5,4,4,4,3,4,4,4,4,4,4,4,4,4,5,5,4,3,3,4,3,3,3,3,3,3,3,4,3,3
23ace5d14495a578b82e4f9fa8ef81da,5,5,5,5,5,4,4,5,5,5,5,4,5,5,5,5,5,5,5,5,5,5,5,5,5,5,1,5,5,3,3
7f5c6e4843f6c11716379c474d5f4459,4,2,4,1,5,5,5,5,4,3,4,5,4,4,5,4,5,4,5,3,4,3,4,3,3,3,3,4,5,4,4
936612538d0beb2276fa29f40dc7ae41,4,4,4,3,5,2,4,4,5,5,4,5,4,5,5,5,5,5,4,3,4,3,3,4,4,4,2,3,2,1,4
f2fcad797511767c3f070cf9ea15d5b2,3,3,4,3,4,4,3,4,4,3,3,4,3,4,4,4,4,4,2,3,3,2,2,3,2,3,4,4,4,3,3
019acd030e0cdf674dda03e2a8ca4369,4,5,4,4,4,3,3,3,4,4,2,4,2,4,4,4,2,2,3,2,4,2,2,3,2,2,2,2,3,5,5
765543b90efd4516e0663a73000b49ca,4,4,4,4,5,4,4,4,5,4,4,4,4,5,5,4,4,4,4,3,3,3,3,4,3,4,3,3,3,3,3
ee18229e2fee5bc9e24cc34229389079,4,3,3,4,3,4,4,3,3,4,4,3,4,3,4,3,3,4,3,3,4,4,4,4,3,3,4,3,4,4,3
d3ddbd705eb17e736f31fd7734a39b48,4,3,4,4,3,3,4,3,3,3,3,3,3,4,3,3,4,4,4,3,3,3,3,4,3,3,3,3,3,3,3
75bd1842d83d5b232d78af544d1b1562,5,5,5,4,4,4,4,1,5,5,5,5,5,5,4,4,5,4,4,4,4,4,4,4,4,4,1,1,1,1,4
4a0b194c35027203f99e2d2c7e7b6213,3,3,4,4,4,4,4,4,3,3,3,3,3,3,4,4,4,4,4,4,4,4,4,4,4,4,2,2,2,2,2
54498f8e48600f40ca2133145cbfa82d,5,4,5,4,4,3,3,3,5,5,4,5,4,4,4,4,4,4,5,5,5,4,4,4,4,4,2,2,2,1,1
1630c55eec4343fb75fc221bf1f4b242,4,4,5,5,3,2,1,1,4,4,3,5,3,4,4,3,4,4,2,3,3,3,2,3,1,3,3,2,2,4,4
c9febcf368ffb0af2ec61cde63302683,5,5,5,5,5,3,5,5,5,5,5,5,5,5,5,5,5,5,5,5,5,5,5,5,5,5,5,5,5,5,5
3b0eb61092b3584e95a46d808df0f37a,4,4,5,2,3,3,4,2,4,4,4,4,3,4,4,4,4,4,4,4,4,4,4,4,4,4,4,4,4,4,4
b2649fdf2e1a530529735f6a297d2323,4,4,5,4,4,3,3,3,4,4,4,4,4,4,4,4,4,4,3,3,4,3,4,4,3,4,2,4,2,1,1
fa5b3a5211c7df0685492e45302a8815,4,4,4,4,3,3,4,2,5,3,4,5,3,4,4,3,3,3,4,4,4,4,4,4,4,4,3,3,3,3,3
ed24364797978f661338b50865cd1236,3,3,4,4,3,4,4,3,3,4,4,4,3,4,3,3,4,3,3,3,4,4,4,4,3,3,3,4,4,3,3
40f27a4dabdb5fb5ad180b6d8b35f603,5,4,5,5,3,3,3,3,5,5,4,5,3,5,4,4,5,4,4,3,5,3,4,4,3,4,3,3,4,4,4
97ed18e97fd48d01a8dffa5325223e59,5,4,4,4,4,4,4,4,4,4,4,4,4,4,4,4,4,4,4,4,4,4,4,4,4,4,4,4,4,4,4
583a1a1d23dd38fb3b705b1aaaf242de,4,5,4,4,4,3,5,3,4,5,5,5,5,5,4,3,5,4,5,3,4,4,4,4,3,4,3,3,4,3,4
35b551a830ef9b78aed0c2d2cefdc9bd,3,3,4,4,4,3,4,4,5,5,4,5,4,4,4,3,3,4,3,3,4,3,4,4,3,3,4,3,3,4,4
d2cbecf98ecf5cedc5bc4a7424a9b45b,5,5,5,5,4,4,5,3,5,5,5,5,5,5,5,5,5,5,5,5,5,5,5,5,5,5,2,3,3,2,3
39f9ba1fb9fbfa06a705de5ad8640b26,4,4,4,3,4,3,3,3,5,4,4,4,3,4,4,3,4,3,5,5,5,5,5,5,5,5,3,3,3,3,3
f8b14f2f4a8cf03bfa6f6015edf67fa4,4,4,5,5,3,3,4,4,4,4,5,4,4,4,5,4,4,4,4,4,4,4,4,4,4,4,3,3,4,4,4
bcfbd3f8f69a013ed4fb0784088de7ff,4,4,5,4,4,3,4,2,4,5,4,5,4,5,4,3,4,4,3,3,4,3,3,3,3,3,2,3,4,4,3
49135199bfc3943f78910386dabcd423,3,5,5,5,5,4,4,5,5,5,5,5,5,5,5,4,5,5,5,5,3,4,4,4,4,3,5,3,5,4,5
ce1a366435f9898e2ae5bb21316eb950,4,4,4,1,5,5,5,3,4,4,4,5,3,4,4,3,4,3,5,3,4,3,4,4,3,4,3,4,4,3,3
93b07b2e74219fd9d4a8258387777331,5,5,5,5,5,5,5,3,5,5,5,5,5,5,5,3,5,5,5,5,5,5,5,5,5,5,5,5,5,5,5
b1cfae28cfc1aefa1c6732902cc694dc,5,5,5,5,5,5,5,5,5,5,5,5,5,5,5,5,5,5,5,5,5,5,5,5,5,5,1,1,1,1,1
5d516333cdc7ae4c351ffc05ed50c416,4,5,4,4,4,4,4,4,4,4,4,4,3,4,4,4,4,4,4,4,4,4,4,4,4,3,3,4,2,3,4
6814d1bbfe1f642d7754db4310897771,5,5,5,4,5,4,3,3,5,5,5,5,4,5,5,3,4,5,5,3,4,4,4,4,4,4,3,3,3,2,3
35b2c5e191dd8ae5b79c9c57c6be2345,4,4,4,4,3,3,3,4,4,4,4,5,4,4,4,4,4,4,3,3,4,4,4,4,4,4,3,4,3,2,2
ca769fcb3f87299a802d03fb466b233a,4,5,5,5,5,3,5,2,4,5,5,5,5,5,5,5,5,5,5,5,5,5,5,5,5,5,1,3,1,2,1
de3978d52b786354febed6e58b3d9f41,4,3,5,2,5,5,5,3,5,5,5,5,5,5,4,5,4,4,5,4,5,5,5,5,5,5,1,4,4,4,4
0e8da60a1c7cb606d66ab0b146c3f75e,4,5,5,5,4,3,5,3,5,5,5,5,5,5,5,4,4,4,4,4,5,4,4,3,5,4,4,5,5,3,4
5b373a0324f7b1b8fa64327bb1387573,4,4,4,4,5,4,4,3,5,5,5,5,5,5,4,5,5,5,5,5,5,5,5,5,5,5,3,4,4,2,2
0a0d2654f29124f545c8828e61b12cd8,4,3,5,5,3,2,3,3,4,5,4,5,4,4,3,3,4,3,3,3,4,3,3,3,3,4,3,2,3,2,3
f042e7c1b1fb21318ea0608eb40f0120,3,3,4,3,3,3,3,3,4,4,3,4,3,4,4,3,4,3,3,3,4,3,3,3,3,3,3,2,2,3,4
ffc7749aa8337fadddcbd42d9cf6e5ec,5,5,5,5,5,5,5,5,5,5,5,5,5,5,5,5,5,5,5,5,5,5,5,5,5,5,4,4,2,3,5
468ef38d4daef73281670aa0a8110a1a,4,4,5,2,5,5,5,2,4,4,5,5,5,5,4,1,4,4,5,4,5,3,4,3,4,3,4,3,5,5,3
bc8976403f92d339ffdbff2d23818be4,5,5,5,5,5,5,5,5,5,5,5,5,5,5,5,5,5,5,5,5,5,5,5,5,5,5,5,5,5,3,4
fa9ffcb00896f30e241fa786b45e44d0,5,5,5,5,5,5,5,5,5,5,4,5,4,5,5,5,5,5,5,4,5,5,5,5,4,5,2,3,3,1,1
fc588386f701ddf824f264d6d2b329f3,4,4,5,3,4,4,4,2,5,5,4,5,4,5,5,4,4,4,3,3,4,3,4,4,4,4,4,4,3,3,4
e99f8c3c1e3d1562260fed6e67382a1c,4,4,5,4,5,4,5,4,5,5,5,5,4,5,5,3,5,4,4,3,4,4,4,5,4,4,2,4,4,3,3
e0fb8907e16b8474f4c62ad48aecfd82,4,4,3,2,4,4,4,2,3,4,3,4,3,4,4,5,4,4,4,3,4,4,3,4,4,4,3,3,3,1,3
5d20a81770f1e612983ec19e70ecc9a3,5,5,5,5,5,3,4,3,4,5,5,5,4,5,3,3,5,4,5,3,5,3,4,4,4,4,3,2,2,3,4
3ead9c8ef29b27dae0a4e1ba00b0ef75,4,4,5,3,4,4,5,3,5,5,4,4,3,4,4,4,4,4,4,3,4,3,4,4,4,4,3,4,4,3,2
b9d7696438838383811816917a75b2a4,4,4,4,4,3,2,3,3,4,5,5,5,4,5,4,4,4,4,3,3,4,3,3,4,2,4,3,2,2,2,2
db7e782a9fff3e31b62da6070ef84291,4,4,5,4,4,3,5,3,5,5,5,5,5,5,5,4,5,5,5,5,5,5,5,5,5,5,3,3,4,3,4
85345ead7b6db97b141cbdee0b846230,4,4,5,3,5,3,5,1,3,5,3,3,3,4,5,3,4,2,3,2,4,2,2,3,2,3,4,4,5,4,5
399f141b63f3243b2064b321ed2b6e6b,3,3,4,3,3,3,4,2,4,4,3,4,3,4,4,3,4,4,3,3,4,3,3,3,3,3,3,3,3,2,3
8eaa803c0b87790ec4290bcd41e5b037,4,4,4,3,3,4,4,4,4,4,4,4,4,4,4,4,4,4,4,4,4,4,4,4,4,4,2,3,3,3,3
1a0c76d043eeff7842f46b9583570a50,3,4,3,3,5,5,4,3,4,3,1,3,2,3,4,3,4,2,4,4,4,4,4,4,4,4,2,3,3,2,2
34c778c98ed41d6cd2a37c5145033c4a,3,4,4,3,5,4,4,4,3,4,4,3,4,4,3,2,4,2,3,2,4,2,4,4,2,3,2,4,4,3,2
2efc0a548e80acbcaf2cfb9804e2faa3,3,4,4,3,4,3,3,3,4,4,3,4,3,4,4,3,2,2,3,2,2,2,2,2,2,3,2,2,4,3,4
447479f2c66040046a9b32ccfbaae127,3,3,3,3,5,5,4,4,4,4,3,4,3,4,5,4,4,3,4,3,4,3,4,4,4,4,2,2,2,2,2
4f7edf8af873ccef5e94647cdafcfc1a,4,4,4,4,4,4,3,3,5,5,3,5,3,5,5,5,5,4,4,4,4,4,4,4,4,4,2,2,1,1,1
cc09077d3937c6323346613696ed05c9,4,4,4,4,4,3,5,5,3,5,3,4,4,5,4,4,5,5,5,2,4,3,5,5,4,3,2,4,3,2,2
0b6c3afa086c5e03a24665aa75a7a0f5,3,3,3,4,4,3,4,3,3,3,3,4,3,3,4,3,3,2,3,3,4,3,3,3,2,4,2,4,3,4,4
cd8d1190d4e2e17f65c0c7a506f4dd4f,3,3,4,3,4,4,3,3,3,4,4,4,4,4,4,3,4,3,3,3,4,3,3,3,3,3,2,4,4,4,4
998d6f7b512c27d4f5c35dbb5922ba44,4,3,5,3,3,3,4,3,4,4,4,4,4,4,5,4,4,3,4,3,4,4,4,4,4,4,4,4,4,4,5
1e342325849367478c72fcded1149c65,4,4,5,3,3,3,3,3,5,5,5,4,4,5,5,5,4,3,3,3,3,3,3,3,3,3,3,4,4,3,3
99b5057fa31682ed3b10f24d25b4e8ae,3,4,4,4,4,3,3,3,4,4,4,4,4,3,4,4,4,2,3,3,3,3,3,4,3,3,3,4,3,3,3
bc482f9d2bff061e21937607585d9f9b,3,3,4,3,4,3,3,3,3,4,3,4,3,4,4,4,4,3,3,3,4,3,3,3,3,4,3,3,3,3,3
f1d1a0d80dfa3b5309b015bb59ae6c84,3,3,4,3,4,4,5,5,4,4,2,3,2,3,4,3,4,3,4,4,4,4,4,4,4,4,3,3,3,4,4
91af6d98e1e08516ff7a91ac197e1d9b,3,3,5,4,5,3,5,4,4,3,3,4,4,3,5,3,5,4,5,3,4,4,4,4,3,4,1,3,2,1,1
ea7593ae5e977406ca7588f199668315,4,3,4,3,3,4,3,3,3,3,2,2,3,3,3,3,4,4,3,2,4,3,3,3,2,3,3,3,3,4,4
1635c1bba7b734d85d12d005e5ef67a9,4,4,4,3,4,4,3,3,4,4,4,4,4,4,4,4,4,4,3,3,4,3,3,4,3,3,3,3,4,3,4
2aebc6de3f2abaa9253dfc7810b773d4,3,3,3,3,3,3,3,3,3,3,3,3,3,3,3,3,3,3,3,3,3,3,4,4,3,3,3,3,3,3,3
c0da6852b9ea51985a0cf3703d39c52d,3,3,4,3,3,3,3,3,3,3,3,3,3,3,3,3,3,3,3,3,3,3,3,3,3,3,3,3,3,3,3
c722908a43fd51130854a1b6b5e91733,2,2,2,3,3,3,3,2,2,1,1,1,2,2,3,3,3,3,1,1,3,1,1,1,1,2,3,4,3,5,3
6d4b7a6f7c4c3aa2fe1efed5888e729b,3,3,4,3,5,3,4,4,5,5,4,4,4,4,4,4,4,3,4,4,4,4,4,4,3,3,3,4,4,3,4
bcce76e2960239f89bdf133f904746af,3,3,4,2,4,3,3,4,3,4,3,3,4,4,4,4,4,4,4,3,4,3,3,3,3,4,2,3,2,1,2
a41c1eab3d8463a7cb6ea0eb7d813e30,2,3,4,3,4,3,3,2,4,4,3,4,4,4,4,4,4,4,3,3,4,2,2,,3,3,2,3,4,2,3
191ea163dc12fe1cb4c8397bd48f18aa,4,4,4,4,5,4,4,4,3,3,4,3,4,3,4,3,3,3,3,2,3,2,2,3,2,2,4,4,4,4,4
da03bef31ab2dca5b97f8d240ccb4a61,4,4,5,4,4,3,5,4,4,4,4,4,4,4,5,4,5,5,4,4,5,4,4,4,3,4,1,3,3,2,3
4f25425fdbeff3e6ce39ffa4d4a3cb0b,2,3,3,3,3,2,3,3,3,3,3,3,3,3,4,3,3,1,3,1,3,1,3,3,3,3,2,3,4,1,1
843ac46f8cd7da73c4ae48b2deb4a729,4,4,4,4,4,4,4,3,4,4,4,4,4,4,4,2,4,3,4,4,4,4,4,4,4,4,2,4,2,2,2
98a5d49319bd9712aa26ec593341f2ef,3,2,3,3,4,3,4,3,3,4,2,4,2,3,3,4,4,3,2,1,2,3,3,4,3,3,3,4,4,5,3
5594425402daa5d17ba4a9043c1d8ff6,3,3,3,3,3,3,3,3,3,3,3,3,3,3,3,3,3,3,3,3,3,3,3,3,3,3,3,3,3,3,3
